State,Constituency,Constituency_ID,District_Code,Latitude,Longitude,Spatial_Cluster_ID,Zone_Fraud_Risk_Score
Karnataka,DHARWAD,CONST_0,DIST_0,33.9211,77.794,CLUSTER_40,34.48
Bihar,ARARIA,CONST_1,DIST_1,16.4118,75.8031,CLUSTER_31,82.81
West Bengal,BALURGHAT,CONST_2,DIST_2,8.0924,72.7981,CLUSTER_41,54.89
Gujarat,DAHOD(ST),CONST_3,DIST_3,9.9467,96.1412,CLUSTER_36,13.79
Punjab,FARIDKOT(SC),CONST_4,DIST_4,14.6635,72.3991,CLUSTER_23,32.93
Madhya Pradesh,KHARGONE(ST),CONST_5,DIST_5,32.4537,76.323,CLUSTER_32,57.63
Bihar,JHANJHARPUR,CONST_6,DIST_6,35.3535,83.9687,CLUSTER_33,67.13
Bihar,BUXAR,CONST_7,DIST_7,22.0179,77.7541,CLUSTER_47,85.63
Kerala,PATHANAMTHITTA,CONST_8,DIST_8,36.1283,73.4633,CLUSTER_14,69.74
Kerala,KOLLAM,CONST_9,DIST_9,32.0283,89.2048,CLUSTER_39,32.77
Tamil Nadu,TENKASI(SC),CONST_10,DIST_10,29.967,83.0311,CLUSTER_9,12.79
Haryana,SONEPAT,CONST_11,DIST_11,35.9644,93.7827,CLUSTER_2,37.03
West Bengal,JOYNAGAR(SC),CONST_12,DIST_12,34.1939,80.0586,CLUSTER_13,19.85
Rajasthan,PALI,CONST_13,DIST_13,27.4143,86.6851,CLUSTER_20,50.4
Haryana,ROHTAK,CONST_14,DIST_14,25.8639,68.2796,CLUSTER_14,53.07
West Bengal,BOLPUR(SC),CONST_15,DIST_15,34.9963,75.7887,CLUSTER_23,31.4
Rajasthan,ALWAR,CONST_16,DIST_16,31.6941,79.0933,CLUSTER_36,13.1
Chhattisgarh,JANJGIR CHAMPA(SC),CONST_17,DIST_17,15.0059,74.9473,CLUSTER_8,12.54
Tamil Nadu,TIRUVANNAMALAI,CONST_18,DIST_18,16.8092,92.7949,CLUSTER_41,22.31
Bihar,PURVI CHAMPARAN,CONST_19,DIST_19,32.365,71.081,CLUSTER_8,41.19
Andhra Pradesh,CHITTOOR,CONST_20,DIST_20,18.3736,83.9417,CLUSTER_17,42.73
Maharashtra,PARBHANI,CONST_21,DIST_21,8.4527,92.062,CLUSTER_11,54.89
Uttar Pradesh,SHAHJAHANPUR(SC),CONST_22,DIST_22,36.6419,82.8807,CLUSTER_17,19.64
West Bengal,COOCHBEHAR(SC),CONST_23,DIST_23,8.3584,79.7672,CLUSTER_41,51.57
Punjab,FIROZPUR,CONST_24,DIST_24,10.6713,93.6751,CLUSTER_33,87.63
West Bengal,BASIRHAT,CONST_25,DIST_25,30.9511,95.9737,CLUSTER_22,54.33
Uttar Pradesh,KUSHI NAGAR,CONST_26,DIST_26,18.0494,95.7288,CLUSTER_25,47.24
Haryana,GURGAON,CONST_27,DIST_27,33.8277,92.1374,CLUSTER_7,51.16
Chhattisgarh,RAIPUR,CONST_28,DIST_28,26.415,88.7971,CLUSTER_23,56.95
West Bengal,DARJEELING,CONST_29,DIST_29,23.5861,86.8112,CLUSTER_44,24.69
Tamil Nadu,VIRUDHUNAGAR,CONST_30,DIST_30,33.7717,82.4103,CLUSTER_47,56.12
Odisha,KALAHANDI,CONST_31,DIST_31,27.0864,71.3105,CLUSTER_42,32.64
Andhra Pradesh,KADAPA,CONST_32,DIST_32,32.8213,90.3154,CLUSTER_14,71.7
Kerala,ERNAKULAM,CONST_33,DIST_33,36.4802,72.7241,CLUSTER_6,11.81
Uttar Pradesh,GAUTAM BUDDHA NAGAR,CONST_34,DIST_34,27.8687,87.038,CLUSTER_21,68.04
Uttar Pradesh,AMBEDKAR NAGAR,CONST_35,DIST_35,22.5068,84.518,CLUSTER_30,20.27
Madhya Pradesh,KHANDWA,CONST_36,DIST_36,17.8812,84.1329,CLUSTER_45,82.18
Tamil Nadu,KANNIYAKUMARI,CONST_37,DIST_37,33.3353,68.5077,CLUSTER_49,41.39
West Bengal,JHARGRAM(ST),CONST_38,DIST_38,10.3613,74.8936,CLUSTER_34,35.72
Uttar Pradesh,FIROZABAD,CONST_39,DIST_39,21.6896,88.5578,CLUSTER_33,42.49
Rajasthan,BHARATPUR(SC),CONST_40,DIST_40,31.1169,86.1199,CLUSTER_27,79.05
Maharashtra,NANDURBAR(ST),CONST_41,DIST_41,8.9466,88.215,CLUSTER_33,16.57
Andhra Pradesh,TIRUPATI(SC),CONST_42,DIST_42,8.3535,84.6409,CLUSTER_20,89.37
Maharashtra,AMRAVATI(SC),CONST_43,DIST_43,34.1851,81.0465,CLUSTER_37,58.31
Chhattisgarh,DURG,CONST_44,DIST_44,33.3066,87.3092,CLUSTER_5,10.81
Jharkhand,GIRIDIH,CONST_45,DIST_45,20.8288,70.9619,CLUSTER_13,14.92
Gujarat,KACHCHH(SC),CONST_46,DIST_46,33.0471,91.8534,CLUSTER_14,11.16
Punjab,ANANDPUR SAHIB,CONST_47,DIST_47,13.7177,87.9284,CLUSTER_4,67.84
Sikkim,SIKKIM,CONST_48,DIST_48,12.6691,72.7676,CLUSTER_25,33.77
Kerala,MAVELIKKARA(SC),CONST_49,DIST_49,21.3506,77.6659,CLUSTER_46,72.63
Karnataka,BANGALORE SOUTH,CONST_50,DIST_50,32.0527,86.091,CLUSTER_15,15.26
West Bengal,HOOGHLY,CONST_51,DIST_51,8.2873,74.6465,CLUSTER_19,53.4
Maharashtra,NAGPUR,CONST_52,DIST_52,11.5525,90.9124,CLUSTER_14,37.6
Uttar Pradesh,HARDOI (SC),CONST_53,DIST_53,36.9849,69.008,CLUSTER_35,15.66
West Bengal,MATHURAPUR(SC),CONST_54,DIST_54,35.566,77.1331,CLUSTER_42,87.96
Assam,GUWAHATI,CONST_55,DIST_55,10.2978,77.8308,CLUSTER_30,81.9
Jharkhand,KHUNTI(ST),CONST_56,DIST_56,10.7168,93.0757,CLUSTER_18,74.31
Bihar,SIWAN,CONST_57,DIST_57,27.8797,84.3917,CLUSTER_49,43.84
Uttar Pradesh,AGRA(SC),CONST_58,DIST_58,12.3257,87.733,CLUSTER_25,28.27
Andhra Pradesh,ELURU,CONST_59,DIST_59,10.6187,90.8618,CLUSTER_6,13.06
Gujarat,BARDOLI(ST),CONST_60,DIST_60,27.6538,89.1195,CLUSTER_10,12.64
Uttar Pradesh,DEORIA,CONST_61,DIST_61,28.3697,71.5276,CLUSTER_42,84.28
West Bengal,KRISHNANAGAR,CONST_62,DIST_62,22.1757,83.1954,CLUSTER_14,67.83
Tamil Nadu,ARANI,CONST_63,DIST_63,10.7962,92.0586,CLUSTER_29,36.15
Uttar Pradesh,UNNAO,CONST_64,DIST_64,20.2266,92.6952,CLUSTER_22,18.68
Assam,Diphu (ST),CONST_65,DIST_65,28.5877,70.8661,CLUSTER_19,45.98
Uttar Pradesh,FATEHPUR SIKRI,CONST_66,DIST_66,28.0536,68.1487,CLUSTER_10,84.77
Uttar Pradesh,JHANSI,CONST_67,DIST_67,29.0472,69.7064,CLUSTER_35,35.37
West Bengal,DIAMOND HARBOUR,CONST_68,DIST_68,20.1099,88.1771,CLUSTER_3,24.88
Maharashtra,SOLAPUR(SC),CONST_69,DIST_69,19.6833,77.8979,CLUSTER_47,76.26
Bihar,PATNA SAHIB,CONST_70,DIST_70,27.9807,77.5497,CLUSTER_20,56.04
Maharashtra,SHIRUR,CONST_71,DIST_71,23.0582,89.5288,CLUSTER_6,80.84
Rajasthan,KOTA,CONST_72,DIST_72,15.8942,83.178,CLUSTER_26,71.84
Madhya Pradesh,MANDSOUR,CONST_73,DIST_73,8.6097,81.432,CLUSTER_38,22.64
Uttar Pradesh,HAMIRPUR_UP,CONST_74,DIST_74,12.1088,93.6282,CLUSTER_24,18.84
Uttar Pradesh,BANDA,CONST_75,DIST_75,30.8862,96.2554,CLUSTER_32,30.85
West Bengal,BIRBHUM,CONST_76,DIST_76,19.637,71.1309,CLUSTER_3,28.32
West Bengal,BISHNUPUR(SC),CONST_77,DIST_77,13.9926,87.9726,CLUSTER_23,63.99
Himachal Pradesh,MANDI,CONST_78,DIST_78,11.2847,89.8717,CLUSTER_22,21.48
Arunachal Pradesh,ARUNACHAL EAST,CONST_79,DIST_79,25.3954,71.1198,CLUSTER_17,28.14
Chhattisgarh,SARGUJA(ST),CONST_80,DIST_80,33.1315,95.5841,CLUSTER_24,25.5
Gujarat,NAVSARI,CONST_81,DIST_81,25.7534,95.5727,CLUSTER_22,61.62
Tamil Nadu,TIRUPPUR,CONST_82,DIST_82,12.6625,87.0411,CLUSTER_26,74.89
Madhya Pradesh,RAJGARH,CONST_83,DIST_83,23.326,96.4932,CLUSTER_42,75.24
West Bengal,ARAMBAG(SC),CONST_84,DIST_84,13.4219,86.3942,CLUSTER_26,15.69
Andhra Pradesh,AMALAPURAM(SC),CONST_85,DIST_85,11.0985,95.5164,CLUSTER_29,37.94
Uttar Pradesh,ROBERTSGANJ(SC),CONST_86,DIST_86,11.8978,89.8855,CLUSTER_18,55.85
Telangana,NIZAMABAD,CONST_87,DIST_87,12.0835,93.0172,CLUSTER_37,49.08
Maharashtra,OSMANABAD,CONST_88,DIST_88,36.1109,81.013,CLUSTER_37,86.65
Punjab,BHATINDA,CONST_89,DIST_89,15.0422,73.3959,CLUSTER_35,68.99
Madhya Pradesh,SAGAR,CONST_90,DIST_90,18.7731,95.4557,CLUSTER_28,62.79
Kerala,ALAPPUZHA,CONST_91,DIST_91,12.62,68.2824,CLUSTER_13,85.72
West Bengal,ULUBERIA,CONST_92,DIST_92,13.3963,91.9084,CLUSTER_44,69.6
Uttar Pradesh,MUZAFFARNAGAR,CONST_93,DIST_93,33.1498,92.0642,CLUSTER_44,50.36
Rajasthan,UDAIPUR(ST),CONST_94,DIST_94,12.7478,93.8738,CLUSTER_41,59.03
Madhya Pradesh,DAMOH,CONST_95,DIST_95,32.0553,78.9187,CLUSTER_5,16.38
Assam,LAKHIMPUR,CONST_96,DIST_96,34.0813,86.0873,CLUSTER_15,34.14
Bihar,SUPAUL,CONST_97,DIST_97,10.0855,73.3377,CLUSTER_36,16.33
Tamil Nadu,DINDIGUL,CONST_98,DIST_98,13.428,90.512,CLUSTER_11,84.04
Gujarat,SABARKANTHA,CONST_99,DIST_99,9.4103,68.0748,CLUSTER_22,31.04
Chhattisgarh,MAHASAMUND,CONST_100,DIST_100,14.5166,96.0599,CLUSTER_33,45.77
Maharashtra,RAVER,CONST_101,DIST_101,12.4562,81.9856,CLUSTER_34,31.08
Uttar Pradesh,MACHHLISHAHR(SC),CONST_102,DIST_102,12.5249,93.868,CLUSTER_4,30.04
Rajasthan,AJMER,CONST_103,DIST_103,28.4633,78.334,CLUSTER_31,39.09
Andhra Pradesh,MACHILIPATNAM,CONST_104,DIST_104,34.9981,80.26,CLUSTER_2,35.69
Odisha,SUNDARGARH (ST),CONST_105,DIST_105,36.9851,95.1542,CLUSTER_9,49.78
Karnataka,BANGALORE RURAL,CONST_106,DIST_106,32.2027,94.3656,CLUSTER_15,46.05
Bihar,GOPALGANJ (SC),CONST_107,DIST_107,12.7458,88.1627,CLUSTER_6,49.11
Nagaland,NAGALAND,CONST_108,DIST_108,36.8934,73.6681,CLUSTER_15,38.63
Rajasthan,CHITTORGARH,CONST_109,DIST_109,30.2734,87.3279,CLUSTER_41,75.21
Rajasthan,JAIPUR,CONST_110,DIST_110,24.984,84.9404,CLUSTER_6,30.19
Tamil Nadu,NILGIRIS(SC),CONST_111,DIST_111,26.6221,90.8019,CLUSTER_3,33.74
Rajasthan,BANSWARA(ST),CONST_112,DIST_112,8.0097,77.043,CLUSTER_44,54.16
Bihar,SASARAM(SC),CONST_113,DIST_113,29.2373,94.0321,CLUSTER_13,76.33
Telangana,MEDAK,CONST_114,DIST_114,15.3607,68.5826,CLUSTER_23,12.33
Tamil Nadu,VILUPPURAM(SC),CONST_115,DIST_115,24.1891,71.9728,CLUSTER_42,33.33
Chhattisgarh,KORBA,CONST_116,DIST_116,30.9933,79.1279,CLUSTER_44,27.62
Tamil Nadu,THANJAVUR,CONST_117,DIST_117,32.0315,72.0462,CLUSTER_40,83.87
Tamil Nadu,SIVAGANGA,CONST_118,DIST_118,29.956,78.0256,CLUSTER_39,88.67
Jharkhand,DUMKA(ST),CONST_119,DIST_119,35.7524,81.8247,CLUSTER_25,55.1
Uttar Pradesh,JALAUN(SC),CONST_120,DIST_120,35.421,74.2186,CLUSTER_4,31.34
Uttar Pradesh,SALEMPUR,CONST_121,DIST_121,20.7822,76.3615,CLUSTER_21,89.8
Uttar Pradesh,AONLA,CONST_122,DIST_122,12.6435,79.1973,CLUSTER_36,27.37
Punjab,SANGRUR,CONST_123,DIST_123,30.4581,81.2779,CLUSTER_25,86.27
West Bengal,BARASAT,CONST_124,DIST_124,35.7996,71.3057,CLUSTER_15,72.93
Uttar Pradesh,KANPUR,CONST_125,DIST_125,21.1519,68.7241,CLUSTER_41,68.63
Assam,NOWGONG,CONST_126,DIST_126,17.9275,94.7678,CLUSTER_37,80.81
Punjab,HOSHIARPUR(SC),CONST_127,DIST_127,18.907,78.3723,CLUSTER_18,46.58
Gujarat,RAJKOT,CONST_128,DIST_128,26.6154,91.3873,CLUSTER_39,77.69
Bihar,BANKA,CONST_129,DIST_129,32.4466,76.9842,CLUSTER_44,65.2
West Bengal,TAMLUK,CONST_130,DIST_130,15.7059,78.4155,CLUSTER_11,49.76
Tamil Nadu,TIRUVALLUR(SC),CONST_131,DIST_131,10.8945,94.8333,CLUSTER_4,83.57
Punjab,PATIALA,CONST_132,DIST_132,16.9021,82.2116,CLUSTER_8,34.24
Kerala,KANNUR,CONST_133,DIST_133,11.4176,75.8679,CLUSTER_26,44.11
Tamil Nadu,NAMAKKAL,CONST_134,DIST_134,17.1386,92.8307,CLUSTER_50,41.44
Uttar Pradesh,KAISERGANJ,CONST_135,DIST_135,34.4547,96.5631,CLUSTER_40,72.17
Maharashtra,DHULE,CONST_136,DIST_136,22.486,76.7262,CLUSTER_14,79.42
Tamil Nadu,KANCHEEPURAM(SC),CONST_137,DIST_137,16.9263,95.9809,CLUSTER_40,52.56
Madhya Pradesh,MORENA,CONST_138,DIST_138,29.815,91.4713,CLUSTER_34,25.03
Gujarat,AHMEDABAD EAST,CONST_139,DIST_139,19.9848,86.4917,CLUSTER_6,31.05
Kerala,ALATHUR(SC),CONST_140,DIST_140,18.5446,69.8874,CLUSTER_30,78.52
Rajasthan,NAGAUR,CONST_141,DIST_141,27.3804,84.9302,CLUSTER_18,20.86
Uttar Pradesh,RAE BARELI,CONST_142,DIST_142,33.4845,93.8489,CLUSTER_11,79.2
Uttar Pradesh,FAIZABAD,CONST_143,DIST_143,27.2916,70.6985,CLUSTER_22,57.94
Uttar Pradesh,NAGINA(SC),CONST_144,DIST_144,28.517,96.6679,CLUSTER_19,71.93
Bihar,PURNEA,CONST_145,DIST_145,23.588,93.8412,CLUSTER_46,75.75
Madhya Pradesh,SHAHDOL (ST),CONST_146,DIST_146,22.2792,77.1665,CLUSTER_23,80.9
Assam,DHUBRI,CONST_147,DIST_147,19.9245,74.9417,CLUSTER_30,38.14
Gujarat,PATAN,CONST_148,DIST_148,12.2264,90.7223,CLUSTER_11,57.36
Uttar Pradesh,MEERUT,CONST_149,DIST_149,35.5086,89.5169,CLUSTER_34,11.01
Meghalaya,TURA,CONST_150,DIST_150,32.197,83.2076,CLUSTER_24,39.29
Uttar Pradesh,BHADOHI,CONST_151,DIST_151,35.7153,85.7776,CLUSTER_40,31.02
Kerala,KASARAGOD,CONST_152,DIST_152,16.8999,94.6765,CLUSTER_46,41.42
Mizoram,MIZORAM (ST),CONST_153,DIST_153,14.4565,71.8748,CLUSTER_24,36.51
Maharashtra,MAVAL,CONST_154,DIST_154,25.8767,87.0631,CLUSTER_50,34.34
Bihar,AURANGABAD_BR,CONST_155,DIST_155,23.6939,79.5118,CLUSTER_12,46.42
Karnataka,BANGALORE CENTRAL,CONST_156,DIST_156,23.5591,77.4203,CLUSTER_7,78.18
Tamil Nadu,ARAKKONAM,CONST_157,DIST_157,24.8639,91.4213,CLUSTER_28,74.2
Tamil Nadu,PERAMBALUR,CONST_158,DIST_158,26.0241,85.9626,CLUSTER_26,66.84
Maharashtra,MUMBAI NORTH,CONST_159,DIST_159,8.8398,96.6207,CLUSTER_15,19.59
Uttar Pradesh,KAUSHAMBI(SC),CONST_160,DIST_160,31.7204,71.4165,CLUSTER_21,68.81
Goa,NORTH GOA,CONST_161,DIST_161,26.6878,72.8038,CLUSTER_39,21.0
Madhya Pradesh,GUNA,CONST_162,DIST_162,23.1916,91.3154,CLUSTER_37,28.7
Kerala,IDUKKI,CONST_163,DIST_163,15.1997,81.2345,CLUSTER_42,49.75
Chhattisgarh,RAJNANDGAON,CONST_164,DIST_164,36.7842,89.0701,CLUSTER_29,72.69
Maharashtra,AKOLA,CONST_165,DIST_165,26.4421,96.4497,CLUSTER_4,74.17
Andhra Pradesh,NARASARAOPET,CONST_166,DIST_166,9.5692,92.0712,CLUSTER_42,85.79
Maharashtra,LATUR(SC),CONST_167,DIST_167,26.5111,80.3604,CLUSTER_13,13.27
Telangana,MALKAJGIRI,CONST_168,DIST_168,9.3286,70.253,CLUSTER_24,11.67
Uttar Pradesh,RAMPUR,CONST_169,DIST_169,18.6088,89.8857,CLUSTER_36,56.37
Andhra Pradesh,KURNOOL,CONST_170,DIST_170,14.8671,92.6823,CLUSTER_32,58.34
West Bengal,MURSHIDABAD,CONST_171,DIST_171,29.6026,80.8427,CLUSTER_34,59.71
Uttar Pradesh,BIJNOR,CONST_172,DIST_172,10.1626,87.4948,CLUSTER_4,68.61
West Bengal,BARRACKPUR,CONST_173,DIST_173,25.738,76.7973,CLUSTER_23,33.18
Bihar,VAISHALI,CONST_174,DIST_174,34.2977,69.705,CLUSTER_15,25.5
Gujarat,KHEDA,CONST_175,DIST_175,30.8356,76.3146,CLUSTER_33,25.04
Gujarat,VADODARA,CONST_176,DIST_176,25.1711,74.9669,CLUSTER_27,55.58
West Bengal,BANKURA,CONST_177,DIST_177,34.5555,76.2989,CLUSTER_10,50.32
Maharashtra,MUMBAI NORTH WEST,CONST_178,DIST_178,19.3978,93.0228,CLUSTER_1,16.87
Rajasthan,JHUNJHUNU,CONST_179,DIST_179,9.1085,70.1402,CLUSTER_18,24.87
Rajasthan,BIKANER(SC),CONST_180,DIST_180,35.0411,69.4358,CLUSTER_18,18.45
Uttar Pradesh,SITAPUR,CONST_181,DIST_181,23.1583,91.474,CLUSTER_9,34.54
Rajasthan,SIKAR,CONST_182,DIST_182,28.3365,75.7314,CLUSTER_35,86.65
Bihar,MADHUBANI,CONST_183,DIST_183,16.0902,68.6229,CLUSTER_33,34.74
Himachal Pradesh,SHIMLA (SC),CONST_184,DIST_184,13.6651,79.6268,CLUSTER_18,48.84
Chhattisgarh,BASTAR(ST),CONST_185,DIST_185,24.5788,95.3991,CLUSTER_7,84.59
West Bengal,KOLKATA DAKSHIN,CONST_186,DIST_186,25.5361,92.48,CLUSTER_16,41.86
Uttar Pradesh,SULTANPUR,CONST_187,DIST_187,8.4797,95.1609,CLUSTER_41,44.85
Jharkhand,RANCHI,CONST_188,DIST_188,11.587,78.936,CLUSTER_29,38.05
West Bengal,SREERAMPUR,CONST_189,DIST_189,32.6856,70.4984,CLUSTER_46,65.08
Madhya Pradesh,BETUL(ST),CONST_190,DIST_190,30.1729,96.6519,CLUSTER_29,14.83
Bihar,KISHANGANJ,CONST_191,DIST_191,14.3306,96.7128,CLUSTER_4,67.81
Delhi,EAST DELHI,CONST_192,DIST_192,18.979,82.2293,CLUSTER_9,16.19
Uttar Pradesh,GHAZIPUR,CONST_193,DIST_193,23.6426,72.783,CLUSTER_25,19.37
Maharashtra,MUMBAI SOUTH,CONST_194,DIST_194,32.7726,69.7151,CLUSTER_28,73.2
Puducherry,Puducherry,CONST_195,DIST_195,30.6422,92.5957,CLUSTER_7,76.68
Madhya Pradesh,UJJAIN(SC),CONST_196,DIST_196,9.8062,71.7944,CLUSTER_6,11.68
Tamil Nadu,CHENNAI CENTRAL,CONST_197,DIST_197,20.3651,81.1149,CLUSTER_30,51.35
Gujarat,ANAND,CONST_198,DIST_198,21.5501,82.3824,CLUSTER_37,51.66
Uttar Pradesh,AMROHA,CONST_199,DIST_199,29.2456,86.1408,CLUSTER_36,31.66
Tamil Nadu,ERODE,CONST_200,DIST_200,22.3519,74.1395,CLUSTER_2,47.77
Maharashtra,JALGAON,CONST_201,DIST_201,21.7208,86.6675,CLUSTER_49,34.13
Tamil Nadu,MADURAI,CONST_202,DIST_202,31.8152,93.4923,CLUSTER_29,43.78
Delhi,NORTH EAST DELHI,CONST_203,DIST_203,29.0863,69.4633,CLUSTER_28,89.61
Uttar Pradesh,DHAURAHRA,CONST_204,DIST_204,18.2494,72.949,CLUSTER_7,16.16
Madhya Pradesh,SIDHI,CONST_205,DIST_205,22.93,84.6226,CLUSTER_48,37.54
Andhra Pradesh,RAJAMPET,CONST_206,DIST_206,11.6141,84.5682,CLUSTER_45,12.54
Rajasthan,BHILWARA,CONST_207,DIST_207,23.5188,96.9022,CLUSTER_10,50.76
Kerala,CHALAKUDY,CONST_208,DIST_208,23.7705,72.6348,CLUSTER_50,47.98
Punjab,AMRITSAR,CONST_209,DIST_209,36.4577,93.7976,CLUSTER_45,87.67
Uttar Pradesh,MOHANLALGANJ(SC),CONST_210,DIST_210,18.154,92.7738,CLUSTER_49,31.7
Uttar Pradesh,HATHRAS (SC),CONST_211,DIST_211,13.7703,93.1061,CLUSTER_29,62.67
Jammu And Kashmir,UDHAMPUR,CONST_212,DIST_212,22.0553,74.3921,CLUSTER_33,87.6
Assam,JORHAT,CONST_213,DIST_213,10.8337,88.3709,CLUSTER_12,48.18
Uttar Pradesh,LALGANJ (SC),CONST_214,DIST_214,9.7855,74.7689,CLUSTER_34,32.24
Uttar Pradesh,BALLIA,CONST_215,DIST_215,19.7725,95.5273,CLUSTER_6,79.63
Karnataka,BIDAR,CONST_216,DIST_216,21.0874,70.4912,CLUSTER_9,10.85
Telangana,BHONGIR,CONST_217,DIST_217,32.5102,89.6123,CLUSTER_28,37.55
Maharashtra,SATARA,CONST_218,DIST_218,30.3013,87.0068,CLUSTER_3,62.13
Tamil Nadu,KARUR,CONST_219,DIST_219,13.5032,83.08,CLUSTER_33,24.17
Tamil Nadu,CHENNAI SOUTH,CONST_220,DIST_220,27.5876,74.2887,CLUSTER_39,15.28
Haryana,BHIWANI MAHENDRAGARH,CONST_221,DIST_221,19.1876,90.583,CLUSTER_27,23.87
Tamil Nadu,DHARAMAPURI,CONST_222,DIST_222,18.0526,96.0139,CLUSTER_5,15.41
Uttar Pradesh,ETAWAH(SC),CONST_223,DIST_223,8.0131,91.6945,CLUSTER_15,23.23
Madhya Pradesh,MANDLA(ST),CONST_224,DIST_224,8.1667,88.8725,CLUSTER_40,54.59
Uttar Pradesh,FARRUKHABAD,CONST_225,DIST_225,36.4276,69.8229,CLUSTER_13,11.37
Uttar Pradesh,GHAZIABAD,CONST_226,DIST_226,13.0146,73.4484,CLUSTER_15,23.44
Karnataka,UDUPI CHIKMAGALUR,CONST_227,DIST_227,33.0647,69.5404,CLUSTER_26,38.51
West Bengal,BAHARAMPUR,CONST_228,DIST_228,14.987,96.8006,CLUSTER_15,19.96
Karnataka,CHIKKODI,CONST_229,DIST_229,34.8761,77.3113,CLUSTER_38,56.51
West Bengal,RANAGHAT(SC),CONST_230,DIST_230,33.4552,80.5114,CLUSTER_36,52.45
Tamil Nadu,THOOTHUKKUDI,CONST_231,DIST_231,8.9777,81.8885,CLUSTER_47,48.66
West Bengal,BARDHAMAN-DURGAPUR,CONST_232,DIST_232,15.0811,90.4579,CLUSTER_15,53.2
Telangana,CHELVELLA,CONST_233,DIST_233,14.5399,81.5134,CLUSTER_49,46.65
Bihar,KHAGARIA,CONST_234,DIST_234,19.6223,84.6701,CLUSTER_23,16.46
Uttar Pradesh,BASTI,CONST_235,DIST_235,34.3297,85.8369,CLUSTER_9,65.39
West Bengal,BARDHAMAN PURBA(SC),CONST_236,DIST_236,35.7506,90.119,CLUSTER_5,69.96
Gujarat,JUNAGADH,CONST_237,DIST_237,18.3044,89.3237,CLUSTER_48,73.67
Chhattisgarh,RAIGARH(ST),CONST_238,DIST_238,20.8805,85.4313,CLUSTER_37,24.68
West Bengal,HOWRAH,CONST_239,DIST_239,26.0804,86.8567,CLUSTER_8,13.39
West Bengal,DUM DUM,CONST_240,DIST_240,21.7367,70.0803,CLUSTER_2,43.35
Haryana,KURUKSHETRA,CONST_241,DIST_241,21.9244,91.7229,CLUSTER_14,27.88
Himachal Pradesh,KANGRA,CONST_242,DIST_242,10.2576,68.6992,CLUSTER_10,25.29
West Bengal,KANTHI,CONST_243,DIST_243,34.1713,96.8143,CLUSTER_32,52.56
Gujarat,AMRELI,CONST_244,DIST_244,19.7142,87.7933,CLUSTER_5,20.04
Madhya Pradesh,REWA,CONST_245,DIST_245,35.5834,73.9327,CLUSTER_33,85.36
Gujarat,JAMNAGAR,CONST_246,DIST_246,16.2137,68.9621,CLUSTER_12,47.4
Tamil Nadu,POLLACHI,CONST_247,DIST_247,29.2595,76.047,CLUSTER_48,76.23
Madhya Pradesh,INDORE,CONST_248,DIST_248,29.1792,75.2352,CLUSTER_28,51.79
Tamil Nadu,SRIPERUMBUDUR,CONST_249,DIST_249,19.7231,68.6956,CLUSTER_36,29.13
West Bengal,KOLKATA UTTAR,CONST_250,DIST_250,30.7494,71.5257,CLUSTER_25,76.1
Karnataka,UTTARA KANNADA,CONST_251,DIST_251,22.4913,92.9404,CLUSTER_14,12.16
Madhya Pradesh,CHHINDWARA,CONST_252,DIST_252,8.4292,72.198,CLUSTER_18,84.87
Tamil Nadu,CUDDALORE,CONST_253,DIST_253,11.0958,68.6472,CLUSTER_31,75.46
Andhra Pradesh,ARAKU(ST),CONST_254,DIST_254,23.1229,77.8229,CLUSTER_6,15.87
Madhya Pradesh,DHAR(ST),CONST_255,DIST_255,16.6024,83.2716,CLUSTER_28,61.33
Chhattisgarh,BILASPUR,CONST_256,DIST_256,28.7847,70.3697,CLUSTER_50,40.57
Madhya Pradesh,HOSHANGABAD,CONST_257,DIST_257,27.8987,96.9564,CLUSTER_18,41.48
Tamil Nadu,CHENNAI NORTH,CONST_258,DIST_258,13.897,69.5493,CLUSTER_42,37.3
Uttar Pradesh,BAREILLY,CONST_259,DIST_259,9.3787,70.2515,CLUSTER_4,88.01
Bihar,KATIHAR,CONST_260,DIST_260,14.268,77.4599,CLUSTER_21,13.25
Madhya Pradesh,TIKAMGARH(SC),CONST_261,DIST_261,8.643,96.7654,CLUSTER_37,16.52
West Bengal,ASANSOL,CONST_262,DIST_262,36.3115,80.345,CLUSTER_38,87.63
Delhi,NEW DELHI,CONST_263,DIST_263,8.4937,84.3783,CLUSTER_48,12.74
Andhra Pradesh,HINDUPUR,CONST_264,DIST_264,14.4677,83.5533,CLUSTER_7,20.4
Telangana,MAHABUBABAD,CONST_265,DIST_265,21.2171,78.3426,CLUSTER_9,79.96
Uttar Pradesh,GHOSI,CONST_266,DIST_266,25.7199,86.0761,CLUSTER_7,54.3
Telangana,WARANGEL(SC),CONST_267,DIST_267,15.1446,68.7798,CLUSTER_34,59.26
Odisha,KORAPUT(ST),CONST_268,DIST_268,15.8318,86.7663,CLUSTER_1,17.15
Rajasthan,JHALAWAR-BARAN,CONST_269,DIST_269,35.1696,81.5662,CLUSTER_27,87.29
Uttar Pradesh,GONDA,CONST_270,DIST_270,22.8378,85.6743,CLUSTER_36,49.28
Haryana,HISAR,CONST_271,DIST_271,33.4955,68.1457,CLUSTER_23,11.93
Madhya Pradesh,DEWAS(SC),CONST_272,DIST_272,23.5205,82.0164,CLUSTER_26,11.2
Uttar Pradesh,PRATAPGARH,CONST_273,DIST_273,12.4407,80.9843,CLUSTER_25,41.51
Uttarakhand,TEHRI GARHWAL,CONST_274,DIST_274,24.4132,71.633,CLUSTER_4,44.55
Uttar Pradesh,CHANDAULI,CONST_275,DIST_275,32.6551,81.3741,CLUSTER_19,60.26
Uttar Pradesh,BADAUN,CONST_276,DIST_276,9.9847,94.3702,CLUSTER_14,81.69
Uttar Pradesh,BAHRAICH(SC),CONST_277,DIST_277,12.9855,89.2764,CLUSTER_1,43.17
Uttar Pradesh,LUCKNOW,CONST_278,DIST_278,27.4565,88.5992,CLUSTER_43,64.39
Karnataka,CHITRADURGA(SC),CONST_279,DIST_279,15.3319,80.5852,CLUSTER_35,71.37
Uttar Pradesh,MAHARAJGANJ_UP,CONST_280,DIST_280,22.6125,87.4945,CLUSTER_23,23.32
Karnataka,KOPPAL,CONST_281,DIST_281,29.7999,93.571,CLUSTER_1,62.84
Bihar,DARBHANGA,CONST_282,DIST_282,17.1753,87.7481,CLUSTER_48,89.89
Tamil Nadu,TIRUCHIRAPPALLI,CONST_283,DIST_283,23.9652,78.7992,CLUSTER_36,83.73
Bihar,UJJARPUR,CONST_284,DIST_284,24.4155,73.8288,CLUSTER_29,72.91
West Bengal,JANGIPUR,CONST_285,DIST_285,11.7447,82.1665,CLUSTER_27,10.59
Uttar Pradesh,ETAH,CONST_286,DIST_286,11.9095,80.153,CLUSTER_34,87.43
West Bengal,GHATAL,CONST_287,DIST_287,10.0637,82.943,CLUSTER_3,19.69
West Bengal,JADAVPUR,CONST_288,DIST_288,20.4752,85.9691,CLUSTER_7,81.17
Manipur,OUTER MANIPUR(ST),CONST_289,DIST_289,34.0362,89.7636,CLUSTER_26,26.84
Rajasthan,JALORE,CONST_290,DIST_290,24.5208,70.6267,CLUSTER_50,30.82
Bihar,VALMIKI NAGAR,CONST_291,DIST_291,23.0345,91.4216,CLUSTER_21,26.53
Uttar Pradesh,KANNAUJ,CONST_292,DIST_292,28.7216,89.8479,CLUSTER_24,71.61
Gujarat,BHARUCH,CONST_293,DIST_293,36.0396,87.4561,CLUSTER_14,82.3
Chandigarh,CHANDIGARH,CONST_294,DIST_294,27.0958,92.0933,CLUSTER_45,42.4
Karnataka,BAGALKOT,CONST_295,DIST_295,31.4143,86.5183,CLUSTER_30,29.63
Uttar Pradesh,BARABANKI(SC),CONST_296,DIST_296,13.2277,74.8861,CLUSTER_20,76.39
Gujarat,MAHESANA,CONST_297,DIST_297,28.1474,89.3261,CLUSTER_5,11.57
Gujarat,BHAVNAGAR,CONST_298,DIST_298,13.2425,71.1491,CLUSTER_36,73.19
Gujarat,SURAT,CONST_299,DIST_299,32.2318,86.1189,CLUSTER_1,88.06
Goa,SOUTH GOA,CONST_300,DIST_300,28.9628,69.6703,CLUSTER_45,85.59
Madhya Pradesh,KHAJURAHO,CONST_301,DIST_301,13.3519,73.285,CLUSTER_46,18.03
West Bengal,MEDINIPUR,CONST_302,DIST_302,10.5122,87.827,CLUSTER_14,45.22
Karnataka,CHIKBALLAPUR,CONST_303,DIST_303,12.635,94.4917,CLUSTER_49,62.31
Karnataka,KOLAR(SC),CONST_304,DIST_304,23.5957,70.9173,CLUSTER_16,27.73
Tripura,TRIPURA EAST(ST),CONST_305,DIST_305,30.0727,88.0779,CLUSTER_15,88.76
Odisha,BHUBANESWAR,CONST_306,DIST_306,22.7764,85.5931,CLUSTER_15,54.33
Punjab,LUDHIANA,CONST_307,DIST_307,26.8247,95.3542,CLUSTER_31,30.15
Kerala,KOTTAYAM,CONST_308,DIST_308,35.9612,80.9248,CLUSTER_10,30.86
Bihar,MUZAFFARPUR,CONST_309,DIST_309,9.6274,92.0536,CLUSTER_15,62.88
Meghalaya,SHILLONG,CONST_310,DIST_310,35.4005,91.1999,CLUSTER_29,15.86
Maharashtra,BEED,CONST_311,DIST_311,27.5981,79.9749,CLUSTER_33,27.81
Andhra Pradesh,ANANTAPUR,CONST_312,DIST_312,30.3646,68.091,CLUSTER_4,72.71
Odisha,KEONJHAR(ST),CONST_313,DIST_313,12.0793,73.1636,CLUSTER_10,11.31
Andhra Pradesh,NANDYAL,CONST_314,DIST_314,25.9468,96.0957,CLUSTER_25,10.19
Uttar Pradesh,AKBARPUR,CONST_315,DIST_315,36.2565,69.7442,CLUSTER_3,13.37
Delhi,SOUTH DELHI,CONST_316,DIST_316,11.7854,71.448,CLUSTER_38,68.48
Maharashtra,BARAMATI,CONST_317,DIST_317,20.6099,95.0419,CLUSTER_39,42.76
Karnataka,BANGALORE NORTH,CONST_318,DIST_318,18.3819,75.8337,CLUSTER_43,40.8
Madhya Pradesh,JABALPUR,CONST_319,DIST_319,36.4406,77.4059,CLUSTER_11,78.26
Karnataka,DAKSHINA KANNADA,CONST_320,DIST_320,12.3577,83.5524,CLUSTER_13,61.66
Bihar,KARAKAT,CONST_321,DIST_321,29.6217,70.1883,CLUSTER_43,73.12
Delhi,WEST DELHI,CONST_322,DIST_322,34.8079,74.0149,CLUSTER_18,52.13
Assam,BARPETA,CONST_323,DIST_323,16.5594,80.8063,CLUSTER_41,31.47
Uttar Pradesh,MATHURA,CONST_324,DIST_324,34.8226,70.4016,CLUSTER_50,46.7
Karnataka,SHIMOGA,CONST_325,DIST_325,22.6496,73.6047,CLUSTER_35,87.58
Maharashtra,HATKANANGLE,CONST_326,DIST_326,29.724,69.8667,CLUSTER_44,48.44
Karnataka,MYSORE,CONST_327,DIST_327,29.8357,69.3504,CLUSTER_8,30.61
Maharashtra,CHANDRAPUR,CONST_328,DIST_328,32.601,91.9522,CLUSTER_23,27.95
Telangana,NALGONDA,CONST_329,DIST_329,22.6427,84.611,CLUSTER_18,17.12
Gujarat,SURENDRANAGAR,CONST_330,DIST_330,12.7202,68.3424,CLUSTER_48,73.75
West Bengal,MALDAHA DAKSHIN,CONST_331,DIST_331,13.4327,74.343,CLUSTER_35,12.93
Uttar Pradesh,AMETHI,CONST_332,DIST_332,16.1985,75.8537,CLUSTER_30,73.56
Odisha,KENDRAPARA,CONST_333,DIST_333,17.9627,87.2077,CLUSTER_43,39.34
Uttar Pradesh,MAINPURI,CONST_334,DIST_334,21.0032,78.4816,CLUSTER_20,30.78
Uttar Pradesh,BAGHPAT,CONST_335,DIST_335,29.054,87.7997,CLUSTER_14,44.08
Bihar,JAMUI(SC),CONST_336,DIST_336,10.619,76.6677,CLUSTER_47,44.48
Kerala,PALAKKAD,CONST_337,DIST_337,17.5054,83.808,CLUSTER_38,61.64
Maharashtra,MUMBAI NORTH-CENTRAL,CONST_338,DIST_338,20.2149,76.7135,CLUSTER_1,29.33
Jammu And Kashmir,JAMMU,CONST_339,DIST_339,14.354,75.6119,CLUSTER_48,77.09
Madhya Pradesh,RATLAM(ST),CONST_340,DIST_340,30.2162,85.9501,CLUSTER_13,56.69
Tamil Nadu,THENI,CONST_341,DIST_341,15.5284,80.332,CLUSTER_49,29.29
Gujarat,AHMEDABAD WEST(SC),CONST_342,DIST_342,8.4544,75.8856,CLUSTER_29,33.78
Uttar Pradesh,AZAMGARH,CONST_343,DIST_343,21.7211,71.3713,CLUSTER_39,86.52
Uttar Pradesh,SANT KABIR NAGAR,CONST_344,DIST_344,23.9421,68.987,CLUSTER_18,69.12
Maharashtra,MADHA,CONST_345,DIST_345,27.5492,80.0885,CLUSTER_10,35.33
Assam,Sonitpur,CONST_346,DIST_346,24.2261,81.7173,CLUSTER_27,76.45
Andhra Pradesh,GUNTUR,CONST_347,DIST_347,27.677,76.3523,CLUSTER_7,51.19
Maharashtra,AURANGABAD_MH,CONST_348,DIST_348,27.0614,80.5852,CLUSTER_25,76.72
Punjab,GURDASPUR,CONST_349,DIST_349,35.2672,75.5734,CLUSTER_4,50.42
Manipur,INNER MANIPUR,CONST_350,DIST_350,21.9752,71.596,CLUSTER_41,14.43
Uttar Pradesh,GORAKHPUR,CONST_351,DIST_351,35.4419,76.8686,CLUSTER_6,36.64
Andhra Pradesh,SRIKAKULAM,CONST_352,DIST_352,15.2719,92.2246,CLUSTER_22,87.97
Telangana,KHAMMAM,CONST_353,DIST_353,33.2328,96.7817,CLUSTER_10,85.23
Maharashtra,GADCHIROLI-CHIMUR(ST),CONST_354,DIST_354,13.3175,85.3377,CLUSTER_48,65.15
Kerala,THIRUVANANTHAPURAM,CONST_355,DIST_355,30.9985,87.3344,CLUSTER_50,81.39
Bihar,BHAGALPUR,CONST_356,DIST_356,8.047,96.6912,CLUSTER_39,23.69
Andhra Pradesh,ONGOLE,CONST_357,DIST_357,20.3641,69.6878,CLUSTER_23,70.26
Tripura,TRIPURA WEST,CONST_358,DIST_358,30.1277,84.5547,CLUSTER_3,71.44
Rajasthan,BARMER,CONST_359,DIST_359,32.6785,69.9251,CLUSTER_40,85.3
Karnataka,TUMKUR,CONST_360,DIST_360,26.9445,82.8113,CLUSTER_38,77.49
Odisha,ASKA,CONST_361,DIST_361,33.6774,90.5394,CLUSTER_43,49.32
Uttar Pradesh,MORADABAD,CONST_362,DIST_362,14.154,90.4541,CLUSTER_27,77.67
Uttar Pradesh,JAUNPUR,CONST_363,DIST_363,27.5489,77.4858,CLUSTER_7,13.49
Maharashtra,WARDHA,CONST_364,DIST_364,28.5096,94.7273,CLUSTER_10,12.94
Punjab,FATEHGARH SAHIB(SC),CONST_365,DIST_365,33.0754,69.5178,CLUSTER_11,29.82
Maharashtra,YAVATMAL-WASHIM,CONST_366,DIST_366,21.7116,83.6158,CLUSTER_46,24.54
West Bengal,MALDAHA UTTAR,CONST_367,DIST_367,25.5609,76.2116,CLUSTER_22,66.09
Karnataka,BIJAPUR(SC),CONST_368,DIST_368,27.7945,90.659,CLUSTER_41,42.97
Jammu And Kashmir,ANANTNAG,CONST_369,DIST_369,35.3892,86.4846,CLUSTER_13,80.19
Uttar Pradesh,FATEHPUR,CONST_370,DIST_370,28.5782,92.1417,CLUSTER_17,71.13
Gujarat,VALSAD(ST),CONST_371,DIST_371,17.292,75.0167,CLUSTER_13,27.78
Maharashtra,AHMEDNAGAR,CONST_372,DIST_372,31.4436,75.3162,CLUSTER_33,12.01
Andhra Pradesh,NELLORE(SC),CONST_373,DIST_373,23.7202,70.3294,CLUSTER_23,36.42
Himachal Pradesh,HAMIRPUR_HP,CONST_374,DIST_374,17.5818,89.0251,CLUSTER_20,44.91
Uttar Pradesh,ALIGARH,CONST_375,DIST_375,19.7484,85.6554,CLUSTER_45,30.51
Karnataka,HASSAN,CONST_376,DIST_376,34.6705,74.0289,CLUSTER_37,12.04
Tamil Nadu,MAYILADUTHURAI,CONST_377,DIST_377,33.3492,78.4897,CLUSTER_32,74.54
Bihar,GAYA (SC),CONST_378,DIST_378,14.7792,88.3029,CLUSTER_1,59.82
Maharashtra,JALNA,CONST_379,DIST_379,16.7016,93.7889,CLUSTER_18,88.62
Telangana,MAHABUBNAGAR,CONST_380,DIST_380,8.8547,68.1869,CLUSTER_10,46.4
Uttar Pradesh,KHERI,CONST_381,DIST_381,11.6435,89.1248,CLUSTER_24,69.05
Odisha,CUTTACK,CONST_382,DIST_382,24.4821,84.7657,CLUSTER_16,71.15
Odisha,NABARANGPUR(ST),CONST_383,DIST_383,13.5632,90.6812,CLUSTER_24,77.98
Maharashtra,HINGOLI,CONST_384,DIST_384,36.3169,77.3497,CLUSTER_19,40.02
Madhya Pradesh,BALAGHAT,CONST_385,DIST_385,31.3886,82.7362,CLUSTER_46,24.68
Karnataka,DAVANAGERE,CONST_386,DIST_386,29.5401,81.9182,CLUSTER_43,66.71
Andhra Pradesh,VIZIANAGARAM,CONST_387,DIST_387,9.528,81.4336,CLUSTER_24,21.28
Haryana,SIRSA(SC),CONST_388,DIST_388,19.523,84.6841,CLUSTER_25,38.36
Kerala,THRISSUR,CONST_389,DIST_389,36.4876,88.2725,CLUSTER_21,63.59
Maharashtra,KOLHAPUR,CONST_390,DIST_390,17.1491,76.7247,CLUSTER_5,54.9
Tamil Nadu,CHIDAMBARAM(SC),CONST_391,DIST_391,19.9844,85.9054,CLUSTER_34,42.99
Uttar Pradesh,MISRIKH(SC),CONST_392,DIST_392,32.1825,74.3286,CLUSTER_27,44.88
Assam,DIBRUGARH,CONST_393,DIST_393,15.9929,88.5597,CLUSTER_30,31.16
Uttarakhand,NAINITAL UDHAM SINGH NAG.,CONST_394,DIST_394,23.3466,78.1912,CLUSTER_10,47.63
Gujarat,BANASKANTHA,CONST_395,DIST_395,33.1737,77.5565,CLUSTER_10,29.59
Bihar,MAHARAJGANJ_BR,CONST_396,DIST_396,32.3281,95.3783,CLUSTER_26,40.37
Gujarat,PANCHMAHAL,CONST_397,DIST_397,24.492,82.5407,CLUSTER_26,69.26
Uttarakhand,ALMORA(SC),CONST_398,DIST_398,29.2422,94.7431,CLUSTER_28,79.95
Karnataka,HAVERI,CONST_399,DIST_399,31.1417,77.427,CLUSTER_18,71.42
Tamil Nadu,KRISHNAGIRI,CONST_400,DIST_400,25.9309,74.6888,CLUSTER_21,45.73
Odisha,JAJPUR(SC),CONST_401,DIST_401,32.1453,79.5165,CLUSTER_31,19.51
Tamil Nadu,KALLAKURICHI,CONST_402,DIST_402,9.1067,80.8286,CLUSTER_27,43.74
Rajasthan,JAIPUR RURAL,CONST_403,DIST_403,25.9193,69.7658,CLUSTER_9,16.8
Maharashtra,SANGLI,CONST_404,DIST_404,9.5799,73.656,CLUSTER_3,70.5
Haryana,KARNAL,CONST_405,DIST_405,32.8601,89.3098,CLUSTER_12,39.75
Kerala,ATTINGAL,CONST_406,DIST_406,18.8491,74.8336,CLUSTER_24,24.96
Madhya Pradesh,BHOPAL,CONST_407,DIST_407,31.8673,94.4911,CLUSTER_6,75.57
Andaman And Nicobar Islands,ANDAMAN AND NICOBAR ISLANDS,CONST_408,DIST_408,12.615,68.1267,CLUSTER_22,59.55
Tamil Nadu,TIRUNELVELI,CONST_409,DIST_409,21.4632,82.8849,CLUSTER_40,33.57
West Bengal,ALIPURDUARS(ST),CONST_410,DIST_410,36.4081,87.9326,CLUSTER_41,20.93
Gujarat,PORBANDAR,CONST_411,DIST_411,24.4918,93.0041,CLUSTER_11,26.97
Chhattisgarh,KANKER(ST),CONST_412,DIST_412,18.9616,96.9667,CLUSTER_25,84.48
Bihar,ARRAH,CONST_413,DIST_413,20.2664,68.2336,CLUSTER_31,20.09
Jharkhand,LOHARDAGA(ST),CONST_414,DIST_414,12.2501,91.5976,CLUSTER_45,59.43
Maharashtra,SHIRDI(SC),CONST_415,DIST_415,15.8997,93.7296,CLUSTER_46,55.37
Jammu And Kashmir,SRINAGAR,CONST_416,DIST_416,35.7686,87.5545,CLUSTER_38,38.9
Tamil Nadu,RAMANATHAPURAM,CONST_417,DIST_417,20.5862,75.1231,CLUSTER_19,20.99
Rajasthan,DAUSA(ST),CONST_418,DIST_418,12.1044,81.5649,CLUSTER_1,48.08
Jharkhand,PALAMU(SC),CONST_419,DIST_419,28.6277,95.2403,CLUSTER_9,37.72
Tamil Nadu,NAGAPATTINAM(SC),CONST_420,DIST_420,34.2551,92.8869,CLUSTER_50,23.3
Uttar Pradesh,BULANDSHAHR(SC),CONST_421,DIST_421,10.8143,83.1066,CLUSTER_28,52.76
Karnataka,RAICHUR(ST),CONST_422,DIST_422,35.0108,75.5404,CLUSTER_18,27.58
Madhya Pradesh,GWALIOR,CONST_423,DIST_423,36.6967,88.6752,CLUSTER_7,61.05
Odisha,BHADRAK(SC),CONST_424,DIST_424,19.9751,84.0575,CLUSTER_1,73.9
Rajasthan,RAJSAMAND,CONST_425,DIST_425,26.3339,87.0213,CLUSTER_36,57.04
Jharkhand,KODARMA,CONST_426,DIST_426,22.2434,74.1817,CLUSTER_26,44.69
Odisha,KANDHAMAL,CONST_427,DIST_427,32.4604,83.7857,CLUSTER_41,25.22
Andhra Pradesh,RAJAHMUNDRY,CONST_428,DIST_428,21.6333,74.7811,CLUSTER_7,40.25
Kerala,VADAKARA,CONST_429,DIST_429,11.3263,81.8141,CLUSTER_19,41.48
Uttar Pradesh,SAHARANPUR,CONST_430,DIST_430,17.6186,89.8886,CLUSTER_11,31.24
Kerala,WAYANAD,CONST_431,DIST_431,23.82,81.5024,CLUSTER_28,89.18
Assam,Darrang-Udalguri,CONST_432,DIST_432,28.6548,77.2292,CLUSTER_41,39.22
Uttar Pradesh,PHULPUR,CONST_433,DIST_433,36.6838,74.9813,CLUSTER_20,38.06
Bihar,NALANDA,CONST_434,DIST_434,29.6676,74.6013,CLUSTER_25,18.35
Kerala,KOZHIKODE,CONST_435,DIST_435,28.0959,86.1728,CLUSTER_22,62.71
Odisha,BALASORE,CONST_436,DIST_436,25.8226,86.6358,CLUSTER_25,20.28
West Bengal,BANGAON(SC),CONST_437,DIST_437,31.1402,79.1091,CLUSTER_12,86.1
Telangana,KARIMNAGAR,CONST_438,DIST_438,22.4818,88.1935,CLUSTER_6,31.18
Kerala,MALAPPURAM,CONST_439,DIST_439,23.4493,76.1838,CLUSTER_24,19.5
Odisha,JAGATSINGHPUR(SC),CONST_440,DIST_440,21.4542,90.8473,CLUSTER_27,82.8
Maharashtra,RAIGAD,CONST_441,DIST_441,23.8588,81.0214,CLUSTER_44,40.13
Karnataka,CHAMARAJANAGAR(SC),CONST_442,DIST_442,17.9556,82.8974,CLUSTER_5,20.63
Odisha,MAYURBHANJ (ST),CONST_443,DIST_443,13.5233,83.0645,CLUSTER_45,45.0
Assam,KOKRAJHAR (ST),CONST_444,DIST_444,16.6207,69.2349,CLUSTER_46,83.66
Andhra Pradesh,KAKINADA,CONST_445,DIST_445,32.611,74.046,CLUSTER_32,87.1
Delhi,CHANDINI CHOWK,CONST_446,DIST_446,24.8262,72.7932,CLUSTER_28,77.5
Odisha,PURI,CONST_447,DIST_447,32.2642,77.7768,CLUSTER_6,29.58
Telangana,PEDDAPALLE,CONST_448,DIST_448,28.6792,80.9038,CLUSTER_48,39.92
Karnataka,BELLARY(ST),CONST_449,DIST_449,10.4362,83.5382,CLUSTER_11,41.46
Punjab,JALANDHAR(SC),CONST_450,DIST_450,31.7455,81.5728,CLUSTER_19,60.53
Gujarat,GANDHINAGAR,CONST_451,DIST_451,35.9905,83.2288,CLUSTER_19,30.73
Tamil Nadu,COIMBATORE,CONST_452,DIST_452,13.4523,81.9857,CLUSTER_31,77.15
Gujarat,CHHOTA UDAIPUR(ST),CONST_453,DIST_453,13.5085,89.7361,CLUSTER_11,29.24
Uttar Pradesh,MIRZAPUR,CONST_454,DIST_454,24.6074,84.3953,CLUSTER_28,45.28
Kerala,PONNANI,CONST_455,DIST_455,13.1016,81.6725,CLUSTER_19,22.48
Maharashtra,BHIWANDI,CONST_456,DIST_456,29.7428,93.1865,CLUSTER_33,18.72
Maharashtra,PUNE,CONST_457,DIST_457,32.956,78.1972,CLUSTER_33,46.93
Maharashtra,BHANDARA-GONDIYA,CONST_458,DIST_458,18.7551,74.899,CLUSTER_6,46.46
Maharashtra,RATNAGIRI-SINDHUDURG,CONST_459,DIST_459,15.5159,68.404,CLUSTER_13,21.23
Bihar,SITAMARHI,CONST_460,DIST_460,12.6509,84.6695,CLUSTER_32,28.58
Andhra Pradesh,BAPATLA,CONST_461,DIST_461,29.3062,86.2012,CLUSTER_4,17.03
Uttar Pradesh,VARANASI,CONST_462,DIST_462,15.5388,76.3059,CLUSTER_41,12.57
Haryana,FARIDABAD,CONST_463,DIST_463,20.9715,91.9667,CLUSTER_19,26.37
Madhya Pradesh,VIDISHA,CONST_464,DIST_464,35.8641,89.8765,CLUSTER_18,24.31
Bihar,BEGUSARAI,CONST_465,DIST_465,32.4176,74.2518,CLUSTER_18,22.96
Rajasthan,CHURU,CONST_466,DIST_466,21.3906,89.7666,CLUSTER_20,35.69
Maharashtra,DINDORI(ST),CONST_467,DIST_467,36.1543,71.1924,CLUSTER_26,38.85
Maharashtra,NASHIK,CONST_468,DIST_468,26.7011,78.5489,CLUSTER_28,31.7
Jammu And Kashmir,BARAMULLAH,CONST_469,DIST_469,35.7793,89.4953,CLUSTER_47,64.11
Telangana,ADILABAD(ST),CONST_470,DIST_470,34.7781,69.0013,CLUSTER_24,63.85
Bihar,SHEOHAR,CONST_471,DIST_471,12.2979,75.1545,CLUSTER_22,40.13
Bihar,MADHEPURA,CONST_472,DIST_472,36.9775,88.2076,CLUSTER_41,21.24
Uttar Pradesh,KAIRANA,CONST_473,DIST_473,10.9383,92.567,CLUSTER_40,41.26
Odisha,SAMBALPUR,CONST_474,DIST_474,35.4553,72.1165,CLUSTER_26,16.01
West Bengal,PURULIA,CONST_475,DIST_475,27.3525,88.0382,CLUSTER_39,42.39
Karnataka,BELGAUM,CONST_476,DIST_476,28.9928,69.2077,CLUSTER_35,50.51
Telangana,NAGARKURNOOL(SC),CONST_477,DIST_477,28.8146,76.7993,CLUSTER_9,57.42
West Bengal,JALPAIGURI(SC),CONST_478,DIST_478,16.8491,96.6653,CLUSTER_11,27.21
Jharkhand,SINGHBHUM(ST),CONST_479,DIST_479,29.2037,94.7231,CLUSTER_24,55.3
Uttar Pradesh,ALLAHABAD,CONST_480,DIST_480,33.3237,90.1411,CLUSTER_2,16.41
Uttar Pradesh,PILIBHIT,CONST_481,DIST_481,11.4303,84.6083,CLUSTER_1,20.57
Madhya Pradesh,SATNA,CONST_482,DIST_482,21.9598,95.959,CLUSTER_8,83.62
Uttarakhand,GARHWAL,CONST_483,DIST_483,22.1314,81.8453,CLUSTER_16,85.71
Jharkhand,CHATRA,CONST_484,DIST_484,12.2068,75.6216,CLUSTER_41,33.89
Maharashtra,MUMBAI SOUTH CENTRAL,CONST_485,DIST_485,26.7399,91.5261,CLUSTER_41,25.02
Odisha,BOLANGIR,CONST_486,DIST_486,16.9703,73.2025,CLUSTER_35,53.59
Uttarakhand,HARDWAR,CONST_487,DIST_487,18.8991,91.0459,CLUSTER_18,83.6
Jharkhand,DHANBAD,CONST_488,DIST_488,21.3832,70.8803,CLUSTER_22,11.02
Haryana,AMBALA (SC),CONST_489,DIST_489,31.7525,78.4036,CLUSTER_18,64.45
Tamil Nadu,VELLORE,CONST_490,DIST_490,34.1571,73.5911,CLUSTER_19,55.45
Telangana,HYDERABAD,CONST_491,DIST_491,10.1626,82.0223,CLUSTER_20,35.65
Karnataka,MANDYA,CONST_492,DIST_492,15.6307,89.8174,CLUSTER_8,25.36
Madhya Pradesh,BHIND(SC),CONST_493,DIST_493,9.9104,82.4227,CLUSTER_6,50.26
Assam,SILCHAR,CONST_494,DIST_494,29.6964,85.8408,CLUSTER_24,21.69
Odisha,BARGARH,CONST_495,DIST_495,33.541,73.0925,CLUSTER_17,55.74
Uttar Pradesh,SAMBHAL,CONST_496,DIST_496,33.4576,78.9581,CLUSTER_49,17.03
Bihar,HAJIPUR(SC),CONST_497,DIST_497,29.0162,79.9161,CLUSTER_44,82.31
Andhra Pradesh,VISAKHAPATNAM,CONST_498,DIST_498,18.1079,83.4254,CLUSTER_29,72.4
Jharkhand,RAJMAHAL(ST),CONST_499,DIST_499,35.1956,69.9556,CLUSTER_29,77.44
Maharashtra,NANDED,CONST_500,DIST_500,15.9376,95.7128,CLUSTER_16,21.01
Bihar,NAWADA,CONST_501,DIST_501,17.5243,94.7753,CLUSTER_10,38.33
Rajasthan,GANGANAGAR(SC),CONST_502,DIST_502,21.9949,91.2661,CLUSTER_37,77.87
Maharashtra,PALGHAR(ST),CONST_503,DIST_503,31.6021,69.0224,CLUSTER_45,37.82
West Bengal,RAIGANJ,CONST_504,DIST_504,35.9023,71.1586,CLUSTER_1,43.5
Jharkhand,JAMSHEDPUR,CONST_505,DIST_505,19.4705,68.0889,CLUSTER_11,77.53
Delhi,NORTH WEST DELHI(SC),CONST_506,DIST_506,9.2692,84.7331,CLUSTER_9,64.76
Lakshadweep,LAKSHADWEEP(ST),CONST_507,DIST_507,9.7894,68.5614,CLUSTER_4,18.42
Maharashtra,RAMTEK(SC),CONST_508,DIST_508,13.0005,71.1574,CLUSTER_18,47.76
Maharashtra,MUMBAI NORTH EAST,CONST_509,DIST_509,19.8565,79.5184,CLUSTER_38,46.14
Andhra Pradesh,ANAKAPALLE,CONST_510,DIST_510,32.2141,91.6313,CLUSTER_12,24.14
Andhra Pradesh,VIJAYAWADA,CONST_511,DIST_511,10.1636,71.9005,CLUSTER_41,76.02
Rajasthan,KARAULI-DHOLPUR(SC),CONST_512,DIST_512,36.6308,93.7475,CLUSTER_43,25.17
Telangana,ZAHIRABAD,CONST_513,DIST_513,14.2849,86.8481,CLUSTER_31,65.47
Bihar,JAHANABAD,CONST_514,DIST_514,27.2008,92.5266,CLUSTER_13,37.66
Arunachal Pradesh,ARUNACHAL WEST,CONST_515,DIST_515,8.4677,70.156,CLUSTER_32,80.66
Assam,Kaziranga,CONST_516,DIST_516,30.7641,90.5352,CLUSTER_46,51.79
Rajasthan,JODHPUR,CONST_517,DIST_517,30.2214,93.3292,CLUSTER_1,33.69
Assam,KARIMGANJ (SC),CONST_518,DIST_518,28.0051,95.339,CLUSTER_30,75.21
Telangana,SECUNDERABAD,CONST_519,DIST_519,15.7262,79.7086,CLUSTER_46,27.25
Uttar Pradesh,SHRAWASTI,CONST_520,DIST_520,30.8528,69.6671,CLUSTER_2,39.11
Odisha,DHENKANAL,CONST_521,DIST_521,12.728,69.3933,CLUSTER_15,21.88
Tamil Nadu,SALEM,CONST_522,DIST_522,26.4463,80.7195,CLUSTER_34,25.41
Uttar Pradesh,BANSGAON(SC),CONST_523,DIST_523,10.3692,78.4351,CLUSTER_5,79.63
Uttar Pradesh,DOMARIYAGANJ,CONST_524,DIST_524,13.851,82.6699,CLUSTER_33,56.06
Ladakh,LADAKH,CONST_525,DIST_525,11.3314,86.5597,CLUSTER_47,34.28
Maharashtra,BULDHANA,CONST_526,DIST_526,18.7309,78.4546,CLUSTER_13,41.05
Bihar,SAMASTIPUR(SC),CONST_527,DIST_527,16.9696,73.8794,CLUSTER_30,25.56
Jharkhand,HAZARIBAGH,CONST_528,DIST_528,18.5909,73.2903,CLUSTER_37,38.04
Karnataka,GULBARGA(SC),CONST_529,DIST_529,22.5404,73.5074,CLUSTER_45,22.49
Bihar,SARAN,CONST_530,DIST_530,29.9821,90.7551,CLUSTER_1,27.74
Odisha,BERHAMPUR,CONST_531,DIST_531,23.207,91.2217,CLUSTER_2,87.51
Andhra Pradesh,NARASAPURAM,CONST_532,DIST_532,31.3763,75.2403,CLUSTER_15,14.66
Maharashtra,KALYAN,CONST_533,DIST_533,21.7657,96.6936,CLUSTER_22,21.84
 , ,CONST_534,DIST_534,15.9534,78.998,CLUSTER_19,55.01
