MP_Name,MP_Total_Allocation,MP_Total_Sanctioned,MP_Total_Disbursed,MP_Total_Projects,MP_Completed_Projects,MP_Completion_Rate,MP_Budget_Utilization_Percent,MP_Performance_Rank
AASHTIKAR PATIL NAGESH BAPURAO,66960862.0,66960862.0,64394099.0,43,25,58.139534883720934,96.16677127005921,137.0
ABDUL RASHID SHEIKH,56764265.46,56764265.46,27445021.0,130,44,33.84615384615385,48.349116786052036,299.0
ABHAY KUMAR SINHA,113177812.0,113177812.0,70556283.0,226,123,54.424778761061944,62.341091202575996,159.0
ABHIJIT GANGOPADHYAY,75696675.78,75696675.78,39484176.78,213,74,34.74178403755869,52.16104455465693,292.0
ADHIKARI SOUMENDU,92814382.0,92814382.0,40643770.0,66,29,43.93939393939394,43.79037938322964,233.0
ADITYA YADAV,101975539.0,101975539.0,85488147.0,100,41,41.0,83.8320128908561,256.0
ADV GOWAAL KAGADA PADAVI,68725530.0,68725530.0,32041066.0,237,189,79.74683544303798,46.62178087240652,39.0
ADV K FRANCIS GEORGE,77526602.0,77526602.0,37467974.0,174,52,29.88505747126437,48.32918383292486,328.0
AFZAL ANSARI,144536811.0,144536811.0,106123284.0,249,35,14.056224899598394,73.42301470868898,436.0
AGA SYED RUHULLAH MEHDI,64992918.1,64992918.1,20822671.0,149,65,43.624161073825505,32.03836911578832,240.0
AJENDRA SINGH LODHI,79561000.0,79561000.0,48355823.0,109,19,17.431192660550458,60.77829966943603,416.0
AKHILESH YADAV,90196690.0,90196690.0,31559060.0,112,39,34.82142857142857,34.98915536700959,291.0
AKSHAYA YADAV,96154158.0,96154158.0,95931875.0,42,37,88.09523809523809,99.76882642974212,21.0
ALFRED KANNGAM S ARTHUR,98151963.0,98151963.0,83951963.0,31,15,48.38709677419355,85.53263779349987,202.0
ALOK SHARMA,110367254.0,110367254.0,59319977.0,76,22,28.947368421052634,53.74780548585544,336.0
AMAR SHARADRAO KALE,43320142.0,43320142.0,32855968.0,54,29,53.70370370370371,75.84455286411573,165.0
AMARSING TISSO,80983742.0,80983742.0,70190709.0,86,41,47.674418604651166,86.67259287672827,206.0
AMBICA G LAKSHMINARAYANA VALMIKI,126231969.0,126231969.0,59740475.0,155,41,26.451612903225808,47.325947201219684,353.0
AMRARAM,73077472.0,73077472.0,38165228.0,143,49,34.26573426573427,52.22570917614665,296.0
AMRINDER SINGH RAJA WARRING,78443249.0,78443249.0,30969262.0,205,55,26.82926829268293,39.47983082648705,349.0
ANAND BHADAURIYA,95856159.33,95856159.33,76758938.0,175,132,75.42857142857143,80.07720999518165,54.0
ANAND KUMAR,88592128.0,88592128.0,66987751.0,73,32,43.83561643835616,75.61366061779214,234.0
ANANTA NAYAK,69200000.0,69200000.0,29211360.0,188,17,9.042553191489363,42.21294797687861,465.0
ANDREW J. SYNGKON,92550000.0,92550000.0,70355000.0,229,95,41.48471615720524,76.01836844948676,254.0
ANGOMCHA BIMOL AKOIJAM,103997987.0,103997987.0,92309433.0,43,18,41.86046511627907,88.76078822564133,252.0
ANIL BALUNI,11195000.0,11195000.0,2739441.0,10,1,10.0,24.470218847699865,457.0
ANIL YESHWANT DESAI,51300000.0,51300000.0,7792570.0,20,0,0.0,15.19019493177388,500.0
ANITA NAGARSINGH CHOUHAN,87801631.0,87801631.0,53134058.0,201,74,36.81592039800995,60.516026177235815,285.0
ANITA SUBHADARSHINI,49700000.0,49700000.0,12818448.0,140,17,12.142857142857142,25.791645875251508,447.0
ANOOP PRADHAN BALMIKI,134744105.0,134744105.0,97915147.0,99,69,69.6969696969697,72.6674810745895,75.0
ANUP SANJAY DHOTRE,68221749.0,68221749.0,49091166.0,71,41,57.74647887323944,71.95823431615628,140.0
ARUN BHARTI,146731859.0,146731859.0,122119953.0,321,218,67.91277258566979,83.22661065719885,79.0
ARUN GOVIL,85482221.0,85482221.0,66737649.0,117,36,30.76923076923077,78.07196422750879,319.0
ARUN NEHRU,84445157.0,84445157.0,67653424.0,62,54,87.09677419354838,80.11522081722224,22.0
ARUNA. D. K,98750311.0,98750311.0,43257608.0,283,127,44.87632508833922,43.805034700093245,221.0
ARUP CHAKRABORTY,93775897.0,93775897.0,55795450.0,69,40,57.971014492753625,59.4987110600499,139.0
ASHISH DUBEY,34739823.0,34739823.0,20531655.0,153,13,8.49673202614379,59.10120785589494,467.0
ATUL GARG,66287262.0,66287262.0,42043789.0,70,36,51.42857142857142,63.42664899932057,186.0
AVIMANYU SETHI,63912000.0,63912000.0,21607575.0,219,27,12.32876712328767,33.80832238077357,445.0
AWADHESH PRASAD,104163284.0,104163284.0,92097873.0,156,97,62.17948717948718,88.41682929274772,109.0
AZAD KIRTI JHA,76673485.0,76673485.0,33156887.0,82,6,7.317073170731707,43.24426755872646,475.0
Abu Taher Khan,85763805.0,85763805.0,36162113.0,313,172,54.9520766773163,42.16477219031968,156.0
Adv Adoor Prakash,96910265.0,96910265.0,27639749.0,369,108,29.268292682926827,28.52097143682354,333.0
Adv Dean Kuriakose,84940087.0,84940087.0,58754261.0,140,95,67.85714285714286,69.1714160829621,80.0
Ajay Bhatt,89308345.0,89308345.0,49484256.0,349,85,24.355300859598856,55.40832270489393,366.0
Ajay Kumar Mandal,81226490.0,81226490.0,75252620.0,73,38,52.054794520547944,92.64541653837314,181.0
Ajay Tamta,17271406.0,17271406.0,3884739.0,84,3,3.571428571428571,22.49231475422441,487.0
Alok Kumar Suman,67246396.0,67246396.0,50920280.0,81,43,53.086419753086425,75.7219464965825,172.0
Amol Ramsing Kolhe,23380568.0,23380568.0,20561770.0,28,17,60.71428571428571,87.9438429382896,118.0
Andimuthu Raja,76784459.0,76784459.0,71485310.0,91,73,80.21978021978022,93.09866987537151,38.0
Annpurna Devi,82009917.0,82009917.0,42079828.0,273,85,31.135531135531135,51.31065795372041,317.0
Anto Antony,63434288.0,63434288.0,26984855.0,185,60,32.432432432432435,42.539856362855375,310.0
Anurag Sharma,92350864.0,92350864.0,67201462.0,162,79,48.76543209876543,72.7675509348781,200.0
Anurag Singh Thakur,31181082.0,31181082.0,17964323.0,195,43,22.05128205128205,57.612891688620685,387.0
Appalanaidu Kalisetti,50648979.0,50648979.0,21332783.0,98,35,35.714285714285715,42.1188806194889,287.0
Arvind Dharmapuri,186148566.0,186148566.0,158096817.0,583,476,81.6466552315609,84.93045119670704,36.0
Arvind Ganpat Sawant,28874739.0,28874739.0,28859509.0,18,14,77.77777777777779,99.94725493449482,44.0
Asaduddin Owaisi,19285072.0,19285072.0,11172317.0,8,1,12.5,57.93246195814047,444.0
Ashok Kumar Rawat,145826705.0,145826705.0,85818529.0,4,2,50.0,58.84966611568162,195.0
Ashok Kumar Yadav,75263559.0,75263559.0,70438959.0,134,81,60.447761194029844,93.58972647041578,122.0
Asit Kumar Mal,220854384.0,220854384.0,163517030.0,190,134,70.52631578947368,74.03838992845168,71.0
B K PARTHASARATHI,74578656.0,74578656.0,43804553.0,86,53,61.627906976744185,58.736045068980594,113.0
BABU SINGH KUSHWAHA,93910109.0,93910109.0,46048017.0,679,522,76.8777614138439,49.03414285250164,48.0
BACHHAV SHOBHA DINESH,56830794.0,56830794.0,13135243.0,54,13,24.074074074074073,23.11289720850988,368.0
BAG MITALI,87041065.0,87041065.0,53162451.0,159,85,53.459119496855344,61.07743626528467,169.0
BAIJAYANT PANDA,60320000.0,60320000.0,17127535.0,42,8,19.047619047619047,28.394454575596818,404.0
BAJRANG MANOHAR SONWANE,38063933.0,38063933.0,37977152.0,39,20,51.28205128205128,99.77201252429695,187.0
BALABHADRA MAJHI,86948554.0,86948554.0,14620740.0,205,20,9.75609756097561,16.815391777533183,458.0
BALRAM NAIK PORIKA,79213775.0,79213775.0,71337705.0,311,238,76.52733118971061,90.05719649139307,50.0
BALWANT BASWANT WANKHADE,124755000.0,124755000.0,92820377.0,137,51,37.22627737226277,74.40212977435775,283.0
BALYA MAMA SURESH GOPINATH MHATRE,79894506.0,79894506.0,53396638.0,94,11,11.702127659574469,66.83392973228973,448.0
BAPI HALDAR,64319265.0,64319265.0,38508401.0,141,85,60.28368794326241,59.87071058725563,124.0
BASAVARAJ BOMMAI,68950000.0,68950000.0,57936447.0,116,18,15.517241379310345,84.02675416968818,431.0
BASTIPATI NAGARAJU PANCHALINGALA,50034075.0,50034075.0,44033277.0,154,143,92.85714285714286,88.00657751742187,7.0
BHAJAN LAL JATAV,19518911.0,19518911.0,7253086.0,28,11,39.285714285714285,37.15927594526149,267.0
BHARAT SINGH KUSHWAH,39840458.0,39840458.0,12867595.0,51,4,7.8431372549019605,32.29780892579097,471.0
BHARATBHAI MANUBHAI SUTARIYA,105715549.0,105715549.0,60146765.0,295,150,50.847457627118644,56.89490861935551,189.0
BHARTI PARDHI,98486443.0,98486443.0,92426127.0,159,80,50.314465408805034,93.84654799645877,193.0
BHASKAR MURLIDHAR BHAGARE,72571173.0,72571173.0,28975121.0,81,20,24.691358024691358,39.926488441905164,364.0
BHAUSAHEB RAJARAM WAKCHAURE,69168163.0,69168163.0,19221948.0,98,10,10.204081632653061,27.790166987664545,456.0
BHOJRAJ NAG,52480971.0,52480971.0,35985836.0,72,29,40.27777777777778,68.56930295744719,259.0
BHUMARE SANDIPANRAO ASARAM,50879317.0,50879317.0,50596352.0,36,27,75.0,99.44385063187858,55.0
BHUPENDER YADAV,91636318.0,91636318.0,59285868.0,65,31,47.69230769230769,64.69691198199386,205.0
BIBHU PRASAD TARAI,71059588.0,71059588.0,16033683.0,184,15,8.152173913043478,22.563715117515176,469.0
BIJULI KALITA MEDHI,86850000.0,86850000.0,71052648.0,97,5,5.154639175257731,81.8107633851468,480.0
BIPLAB KUMAR DEB,86290946.0,86290946.0,51962677.0,20,7,35.0,60.21799436524893,290.0
BISHNU PADA RAY,36232528.0,36232528.0,15498347.0,13,0,0.0,42.77467749421183,500.0
BRIJENDRA SINGH OLA,80349840.0,80349840.0,55610081.0,160,92,57.49999999999999,69.20994615546216,141.0
BRIJMOHAN AGRAWAL,95249504.0,95249504.0,68756217.0,129,38,29.457364341085274,72.18538061888489,331.0
BUNTY VIVEK SAHU,77979130.0,77979130.0,53681964.0,378,100,26.455026455026452,68.8414502700915,352.0
Balashowry Vallabbhaneni,34933559.0,34933559.0,14120726.0,46,8,17.391304347826086,40.42166445165235,417.0
Bansuri Swaraj,49696313.0,49696313.0,21775293.0,76,42,55.26315789473685,43.81671734883029,154.0
Bhagirath Chaudhary,74403906.0,74403906.0,46564143.0,117,59,50.427350427350426,62.58292810595185,191.0
Bharatsinhji Shankarji Dabhi,99095538.0,99095538.0,70906510.0,268,161,60.07462686567165,71.55368589855175,126.0
Bhola Singh,133879916.0,133879916.0,101017522.0,289,142,49.13494809688581,75.45382833971901,198.0
Bhupathiraju Srinivasa varma,12000000.0,12000000.0,0.0,1,0,0.0,0.0,500.0
Bidyut Baran Mahato,98552297.0,98552297.0,75745972.0,174,2,1.1494252873563218,76.85865708437014,498.0
C R Patil,111819644.0,111819644.0,67863295.0,374,261,69.78609625668449,60.68995801846767,74.0
C.M.RAMESH,74523442.0,74523442.0,32523660.0,91,18,19.78021978021978,43.64218711207676,399.0
CAPTAIN BRIJESH CHOWTA,77467059.0,77467059.0,48429304.0,167,75,44.91017964071856,62.51599663800326,220.0
CAPTAIN VIRIATO FERNANDES,53443447.0,53443447.0,48358008.0,57,41,71.9298245614035,90.4844479810593,66.0
CHAMALA KIRAN KUMAR REDDY,78067853.0,78067853.0,62689273.0,468,417,89.1025641025641,80.30100814992312,17.0
CHANDAN CHAUHAN,92097954.0,92097954.0,78306036.0,109,14,12.844036697247708,85.0247292138542,441.0
CHANDRA SHEKHAR,91321370.0,91321370.0,87033825.0,504,286,56.74603174603175,95.30499268681581,147.0
CHANDUBHAI CHHAGANBHAI SHIHORA,84225607.0,84225607.0,59047027.0,199,100,50.25125628140703,70.10578979858228,194.0
CHARANJIT SINGH CHANNI,37124370.0,37124370.0,24369193.0,149,56,37.58389261744966,65.64203783121437,282.0
CHHATRA PAL SINGH GANGWAR,97849541.0,97849541.0,95712065.0,145,140,96.55172413793103,97.81554826097754,5.0
CHHATRAPATI SHAHU SHAHAJI,33824291.0,33824291.0,33696592.0,33,22,66.66666666666666,99.62246363124063,82.0
CHHOTELAL,103598735.0,103598735.0,90952339.0,410,262,63.90243902439025,87.79290500023963,96.0
CHINTAMANI MAHARAJ,93757644.0,93757644.0,60870137.0,322,69,21.428571428571427,64.92285258362507,391.0
CHIRAG PASWAN,80326162.0,80326162.0,47783578.0,83,47,56.62650602409639,59.486942747245905,148.0
CN Annadurai,95063161.0,95063161.0,87500808.0,188,171,90.95744680851064,92.04491737866786,12.0
Chandra Prakash Joshi,10077214.0,10077214.0,4660559.0,17,10,58.82352941176471,46.24848693299557,132.0
D M Kathir Anand,81961477.0,81961477.0,33728871.0,75,15,20.0,41.15210246882203,396.0
D Ravikumar,132825450.0,132825450.0,103445450.0,266,222,83.45864661654136,77.88074499277059,27.0
DAGGUMALLA PRASADA RAO,95371539.0,95371539.0,76341346.0,143,111,77.62237762237763,80.0462557283468,45.0
DAMODAR AGARWAL,88521346.0,88521346.0,57853400.0,207,101,48.792270531400966,65.35530989327704,199.0
DAROGA PRASAD SAROJ,93056378.0,93056378.0,82499872.0,289,59,20.415224913494807,88.65579530722762,395.0
DARSHAN SINGH CHOUDHARY,49492611.0,49492611.0,29467552.0,314,49,15.605095541401273,59.53929567385321,430.0
DEEPENDER SINGH HOODA,91793825.0,91793825.0,58129766.0,135,70,51.85185185185185,63.32644488885827,183.0
DEVESH CHANDRA THAKUR,52285840.0,52285840.0,37394417.0,127,103,81.10236220472441,71.51920481721245,37.0
DEVESH SHAKYA,88651205.0,88651205.0,81351075.0,305,220,72.1311475409836,91.76533471823649,65.0
DHANORKAR PRATIBHA SURESH ALIAS BALUBHAU,16615160.0,16615160.0,14990871.0,13,7,53.84615384615385,90.22405441777268,163.0
DHARMENDRA PRADHAN,85753000.0,85753000.0,9004141.0,110,2,1.8181818181818181,10.50008862663697,493.0
DHARMENDRA YADAV,94332298.0,94332298.0,61049101.0,65,15,23.076923076923077,64.7170717711128,379.0
DHAVAL LAXMANBHAI PATEL,75117733.0,75117733.0,36923530.0,189,60,31.746031746031743,49.154212361547174,313.0
DINESHBHAI MAKWANA,71808085.0,71808085.0,25122452.0,125,2,1.6,34.98554793655895,495.0
DR BYREDDY SHABARI,86690510.0,86690510.0,45967505.0,175,69,39.42857142857143,53.024840896656386,264.0
DR C N MANJUNATH,69910941.0,69910941.0,56108012.0,142,62,43.66197183098591,80.25641079555774,239.0
DR DHARAMVIRA GANDHI,77306672.0,77306672.0,51689977.0,273,51,18.681318681318682,66.86353928157715,410.0
DR KALGE SHIVAJI BANDAPPA,30832651.0,30832651.0,28052316.0,36,26,72.22222222222221,90.98249774240949,64.0
DR RAJKUMAR SANGWAN,59471030.0,59471030.0,36662976.0,68,16,23.52941176470588,61.64846312565967,374.0
DR RANI SRI KUMAR,100119359.0,100119359.0,99919930.0,123,102,82.92682926829268,99.8008087526809,33.0
DR. HEMANG JOSHI,100612489.0,100612489.0,67464263.0,165,70,42.42424242424242,67.05356727632491,249.0
DR. HEMANT VISHNU SAVARA,8749000.0,8749000.0,8415952.0,11,1,9.090909090909092,96.19330209166762,463.0
DR. KIRSAN NAMDEO,47637283.0,47637283.0,22599453.0,61,18,29.508196721311474,47.440684222061954,330.0
DR. LATA WANKHEDE,102329716.0,102329716.0,94998719.0,166,98,59.036144578313255,92.83590604316736,131.0
DR. M.P ABDUSSAMAD SAMADANI,78014005.0,78014005.0,14277868.0,179,49,27.37430167597765,18.301672885528696,344.0
DR. MANSUKH MANDAVIYA,89658455.0,89658455.0,34762587.0,185,71,38.37837837837838,38.772235145028986,275.0
DR. PRABHA MALLIKARJUN,68500000.0,68500000.0,57444696.0,68,5,7.352941176470589,83.8608700729927,474.0
DR. PRADEEP KUMAR PANIGRAHY,6000000.0,6000000.0,0.0,15,0,0.0,0.0,500.0
DR. PRASHANT YADAORAO PADOLE,32172033.0,32172033.0,14261839.0,42,8,19.047619047619047,44.329927797848526,404.0
DR. RAJ KUMAR CHABBEWAL,104447592.0,104447592.0,74795623.0,258,93,36.04651162790697,71.61067246050057,286.0
DR. RAJESH MISHRA,197164277.0,197164277.0,183007865.0,258,172,66.66666666666666,92.81999142268556,82.0
DR. S P SINGH,79909871.0,79909871.0,42783929.0,363,106,29.201101928374655,53.540230342757035,334.0
DR. SHARMILA SARKAR,48295589.0,48295589.0,21224009.0,56,17,30.357142857142854,43.94606099534266,323.0
DR.K.SUDHAKAR,72594028.0,72594028.0,37428975.0,108,18,16.666666666666664,51.55930319777819,421.0
DR.MALLU RAVI,86327918.0,86327918.0,47000729.0,175,143,81.71428571428572,54.44441391485893,35.0
DULU MAHATO,94445645.0,94445645.0,50288360.0,272,57,20.955882352941178,53.245821975168894,392.0
DURAI VAIKO,71878829.0,71878829.0,63160121.0,65,45,69.23076923076923,87.87026983981612,77.0
Daggubati Purandeshwari,88500000.0,88500000.0,14394558.0,28,3,10.714285714285714,16.26503728813559,453.0
Devendra Alias Bhole Singh,110013145.0,110013145.0,62000186.0,148,62,41.891891891891895,56.357070784586696,251.0
Devusinh Jesingbhai Chauhan,89092971.0,89092971.0,54783374.0,404,247,61.13861386138614,61.49011912511033,117.0
Dhairyasheel Sambhajirao Mane,12901717.0,12901717.0,7519206.0,9,4,44.44444444444444,58.28066140343956,227.0
Dileshwar Kamait,100291237.0,100291237.0,84724681.0,86,46,53.48837209302325,84.47864792015677,168.0
Dilip Saikia,47850000.0,47850000.0,25452092.0,150,5,3.3333333333333335,53.19141483803552,488.0
Dinesh Chandra Yadav,122338231.0,122338231.0,92486814.0,147,105,71.42857142857143,75.59927362363119,68.0
Dr Chandra Sekhar Pemmasani,93401846.0,93401846.0,34347164.0,94,9,9.574468085106384,36.77353871571232,460.0
Dr Jayanta Kumar Roy,30542393.0,30542393.0,12082736.0,18,2,11.11111111111111,39.56054131056463,450.0
Dr Mohammad Jawed,118345700.0,118345700.0,89065400.0,183,130,71.03825136612022,75.25867015024626,70.0
Dr Shashi Tharoor,91860457.0,91860457.0,41754577.0,113,40,35.39823008849557,45.45435366166314,288.0
Dr Sukanta Majumdar,78970601.8,78970601.8,21003612.0,180,33,18.333333333333332,26.596748057199182,413.0
Durga Das Uikey,91391154.0,91391154.0,85636977.0,334,288,86.22754491017965,93.70379216351728,24.0
Dushyant Singh,8699933.0,8699933.0,6025816.0,5,0,0.0,69.26278627662995,500.0
E. TUKARAM,23600000.0,23600000.0,13410937.0,22,3,13.636363636363635,56.82600423728813,439.0
E.T. MOHAMMED BASHEER,77626175.0,77626175.0,32683493.0,148,39,26.351351351351347,42.103701489864726,356.0
EATALA RAJENDER,131071778.0,131071778.0,33221400.0,157,31,19.745222929936308,25.345959677147277,400.0
ESWARASAMY K,64938165.0,64938165.0,56246950.0,60,46,76.66666666666667,86.61616785753031,49.0
Faggan Singh Kulaste,76138616.0,76138616.0,54408168.0,222,31,13.963963963963963,71.45936038553683,437.0
G. KUMAR NAIK,36995548.0,36995548.0,23521564.0,50,9,18.0,63.57944474832485,414.0
GAIKWAD VARSHA EKNATH,98000000.0,98000000.0,92563767.0,57,0,0.0,94.45282346938775,500.0
GANAPATHY RAJKUMAR P,58771965.0,58771965.0,42262960.0,48,7,14.583333333333334,71.91006800606378,433.0
GAURAV GOGOI,71795784.0,71795784.0,37014441.0,336,32,9.523809523809524,51.55517349040997,461.0
GENIBEN NAGAJI THAKOR,52316737.0,52316737.0,25832765.0,119,41,34.45378151260504,49.37763033654029,295.0
GM Harish Balayogi,93957300.0,93957300.0,53410502.0,105,40,38.095238095238095,56.84550535189922,277.0
GODAM NAGESH,53879990.0,53879990.0,35717086.0,188,80,42.5531914893617,66.2900754064728,247.0
GOPINATH K,54856009.0,54856009.0,40047142.0,68,36,52.94117647058824,73.00411154592015,173.0
GOVIND MAKTHAPPA KARJOL,70600000.0,70600000.0,45195747.0,136,20,14.705882352941178,64.0166388101983,432.0
GURMEET SINGH MEET HAYER,77825022.0,77825022.0,53752179.0,304,132,43.42105263157895,69.06799075495283,241.0
Gajendra Singh Patel,84047203.0,84047203.0,67543845.0,251,104,41.43426294820717,80.36417940047332,255.0
Gajendra Singh Shekhawat,4065000.0,4065000.0,0.0,2,0,0.0,0.0,500.0
Ganesan Selvam,115068025.0,115068025.0,108395338.0,286,271,94.75524475524476,94.20109365742569,6.0
Ganesh Singh,62710054.0,62710054.0,37994332.0,295,77,26.101694915254235,60.58730550606766,357.0
Giridhari Yadav,117679590.0,117679590.0,114805889.0,98,85,86.73469387755102,97.55802939150281,23.0
Giriraj Singh,60075232.0,60075232.0,32994877.0,45,17,37.77777777777778,54.92259605422747,281.0
Gumma Thanuja Rani,91100215.0,91100215.0,71271975.0,114,26,22.807017543859647,78.2346946162531,382.0
Gyaneshwar Patil,97285737.0,97285737.0,86011926.0,289,163,56.40138408304498,88.41165072327098,150.0
H.D. KUMARASWAMY,52700000.0,52700000.0,42950000.0,82,7,8.536585365853659,81.49905123339659,466.0
HARENDRA SINGH MALIK,75753226.0,75753226.0,45077485.0,121,32,26.446280991735538,59.50569682669355,354.0
HARIBHAI PATEL,90527572.0,90527572.0,50394435.0,472,150,31.779661016949152,55.66749873729078,312.0
Harsh Malhotra,73281059.0,73281059.0,24390277.0,108,51,47.22222222222222,33.28319395602621,209.0
Hasmukh Bhai Soma Bhai Patel,66335278.0,66335278.0,30682934.0,108,21,19.444444444444446,46.25432337827845,403.0
IMRAN MASOOD,87263833.0,87263833.0,61171580.0,102,51,50.0,70.0995795130842,195.0
IQRA CHOUDHARY,51395572.0,51395572.0,49401686.0,63,42,66.66666666666666,96.12051014822833,82.0
ISHA KHAN CHOUDHURY,41280584.0,41280584.0,8567025.0,83,25,30.120481927710845,20.7531584339989,326.0
Indra Hang Subba,101279926.0,101279926.0,98023420.0,62,38,61.29032258064516,96.78464812464416,115.0
JAGADISH CHANDRA BARMA BASUNIA,32035060.0,32035060.0,26944165.0,39,0,0.0,84.10836439825616,500.0
JAGADISH SHETTAR,13000000.0,13000000.0,9847651.0,21,1,4.761904761904762,75.75116153846155,482.0
JAI PARKASH,110125713.0,110125713.0,67953815.0,359,68,18.94150417827298,61.70567540389046,406.0
JASHUBHAI BHILUBHAI RATHVA,101726251.0,101726251.0,40426028.0,340,100,29.411764705882355,39.74001558358815,332.0
JITAN RAM MANJHI,88458645.0,88458645.0,57424700.0,248,152,61.29032258064516,64.91700161131793,115.0
JITENDRA KUMAR DOHARE,136816853.0,136816853.0,119571988.0,404,192,47.524752475247524,87.39565731715814,208.0
JITIN PRASADA,78392964.0,78392964.0,41842816.0,58,22,37.93103448275862,53.37572897486055,278.0
JOBA MAJHI,76870710.0,76870710.0,59054467.0,117,0,0.0,76.82310596584837,500.0
JOYANTA BASUMATARY,81539810.0,81539810.0,62530971.0,74,20,27.027027027027028,76.68765845787475,346.0
JUNE MALIAH,70953801.0,70953801.0,36949288.0,22,7,31.818181818181817,52.07513548146632,311.0
JYOTIRADITYA M. SCINDIA,62474298.0,62474298.0,55870850.0,62,45,72.58064516129032,89.43013653390712,61.0
Jagannath Sarkar,77924507.0,77924507.0,41712525.0,154,70,45.45454545454545,53.529405068934224,216.0
Jagdambika Pal,93108500.0,93108500.0,38873088.0,68,0,0.0,41.7503106590698,500.0
Jai Prakash,96120110.0,96120110.0,85755277.0,23,3,13.043478260869565,89.21679032618668,440.0
Janardan Mishra,94132112.0,94132112.0,86935425.0,83,1,1.2048192771084338,92.35469506941479,497.0
Jaswantsinh Sumanbhai Bhabhor,87394224.0,87394224.0,26203905.0,273,65,23.809523809523807,29.98356619082744,370.0
Jitendra Singh,93435173.0,93435173.0,47977099.0,307,186,60.586319218241044,51.34800681537776,120.0
Jyotsna Charandas Mahant,107247960.0,107247960.0,74559859.0,297,136,45.79124579124579,69.52100440884843,215.0
K E PRAKASH,93134224.0,93134224.0,87182728.0,153,141,92.15686274509804,93.60976476273642,10.0
K RADHAKRISHNAN,94371635.0,94371635.0,28066021.0,130,15,11.538461538461538,29.739890593185127,449.0
K Subbarayan,84249576.0,84249576.0,81901423.0,76,65,85.52631578947368,97.21286075077695,25.0
K. C VENUGOPAL,66767509.0,66767509.0,44331588.0,70,37,52.85714285714286,66.39694765308677,175.0
K. RAJASHEKAR BASAVARAJ HITNAL,76630099.0,76630099.0,66577182.0,131,68,51.908396946564885,86.88124231706918,182.0
KADIYAM KAVYA,64063536.0,64063536.0,27189421.0,158,53,33.54430379746836,42.44133667551539,302.0
KALI CHARAN MUNDA,87980900.0,87980900.0,77772545.0,165,31,18.787878787878785,88.39707822947935,408.0
KALI CHARAN SINGH,94285624.0,94285624.0,49787316.0,460,75,16.304347826086957,52.80477965548598,424.0
KALIPADA SAREN,76426325.0,76426325.0,71784126.0,45,40,88.88888888888889,93.92591623370612,18.0
KALYAN VAIJINATHRAO KALE,40151425.0,40151425.0,39751304.0,42,19,45.23809523809524,99.00346998892319,218.0
KAMAKHYA PRASAD TASA,61369000.0,61369000.0,11710303.0,58,0,0.0,19.081788851048575,500.0
KAMLESH JANGDE,114661679.0,114661679.0,98097656.0,344,254,73.83720930232558,85.55400274576478,59.0
KANWAR SINGH TANWAR,104860643.0,104860643.0,78135018.0,90,59,65.55555555555556,74.51319748249112,89.0
KARAN BHUSHAN SINGH,96101675.0,96101675.0,95454825.0,73,33,45.20547945205479,99.3269107952593,219.0
KARTICK CHANDRA PAUL,150363143.0,150363143.0,28148611.0,400,99,24.75,18.72041940490696,363.0
KISHORI LAL,85762339.0,85762339.0,82181354.0,47,20,42.5531914893617,95.82452502840437,247.0
KONDA VISHWESHWAR REDDY,133025175.0,133025175.0,57214092.0,468,181,38.675213675213676,43.00997311223232,273.0
KOTA SRINIVAS POOJARY,50710292.0,50710292.0,38622793.0,130,51,39.23076923076923,76.16361783126786,269.0
KRISHNA DEVI SHIVSHANKER PATEL,93761034.12,93761034.12,74835215.67,316,202,63.92405063291139,79.81483605889223,95.0
KRITI DEVI DEBBARMAN,50286310.0,50286310.0,32934783.0,33,13,39.39393939393939,65.49453121535464,265.0
KULDEEP INDORA,47245574.0,47245574.0,11115739.0,66,2,3.0303030303030303,23.52757741920968,489.0
KUNDURU RAGHUVEER,19168401.0,19168401.0,7766945.0,25,6,24.0,40.51952481586753,369.0
Kakoli Ghosh Dastidar,65416487.0,65416487.0,59797583.0,93,72,77.41935483870968,91.41056902062013,47.0
Kalanidhi Veeraswamy,100714864.0,100714864.0,83933669.0,60,40,66.66666666666666,83.33791623846109,82.0
Kalyan Banerjee,92886638.0,92886638.0,76719145.0,118,83,70.33898305084746,82.59438241267813,73.0
Kamaljeet Sehrawat,49986400.0,49986400.0,13075365.0,50,31,62.0,26.157844933822,111.0
Kamlesh Paswan,95398414.0,95398414.0,32451268.0,118,0,0.0,34.01656970942934,500.0
Kangana Ranaut,91517579.0,91517579.0,44152356.0,307,49,15.960912052117262,48.244672206636935,428.0
Kani K Navas,57323467.0,57323467.0,54425096.0,87,68,78.16091954022988,94.9438316422836,43.0
Kanimozhi Karunanidhi,72082027.0,72082027.0,58344698.0,28,12,42.857142857142854,80.94208837939588,243.0
Kaushalendra Kumar,61219429.0,61219429.0,44517141.0,137,91,66.42335766423358,72.71734109117548,87.0
Khagen Murmu,12703116.0,12703116.0,6003169.0,13,7,53.84615384615385,47.257452423484125,163.0
Khalilur Rahaman,54490741.0,54490741.0,21631147.0,79,31,39.24050632911392,39.696922088103,268.0
Kinjarapu Ram Mohan Naidu,120004075.0,120004075.0,53576961.0,180,60,33.33333333333333,44.64595139790045,303.0
Kiren Rijiju,91880288.0,91880288.0,87533016.0,129,114,88.37209302325581,95.26854769980694,19.0
Kirti Vardhan Singh,100059677.0,100059677.0,69160857.0,151,34,22.516556291390728,69.11960849124068,383.0
Kishan Reddy Gangapuram,33990000.0,33990000.0,4754322.0,16,0,0.0,13.987413945278023,500.0
Kripanath Mallah,75310000.0,75310000.0,66488500.0,43,0,0.0,88.28641614659408,500.0
Krishan Pal Gurjar,45054080.0,45054080.0,21068990.0,58,6,10.344827586206897,46.763778108442125,455.0
Krishna Prasad Tenneti,88682500.0,88682500.0,16927605.0,105,6,5.714285714285714,19.087875285428353,479.0
LALJI VERMA,120052344.0,120052344.0,86165424.0,231,61,26.406926406926406,71.77321252469673,355.0
LAXMIKANT PAPPU NISHAD,64242680.0,64242680.0,23806477.0,349,2,0.5730659025787965,37.0571044047353,499.0
LOVELY ANAND,54776774.0,54776774.0,43063279.0,54,23,42.592592592592595,78.61594587516234,246.0
LUMBARAM,75897984.0,75897984.0,61110381.0,149,75,50.33557046979866,80.51647458778352,192.0
Lavu Sri Krishna Devarayalu,12238228.0,12238228.0,2402685.0,42,1,2.380952380952381,19.63262165078147,492.0
M. MALLESH BABU,48694000.0,48694000.0,40766132.0,73,3,4.10958904109589,83.71900439479197,485.0
M.K. VISHNUPRASAD,91430543.0,91430543.0,71295556.0,102,74,72.54901960784314,77.97783285613868,62.0
MADHAVANENI RAGHUNANDAN RAO,42023529.0,42023529.0,30484168.0,63,41,65.07936507936508,72.54071403665313,91.0
MAHESH KASHYAP,98969508.0,98969508.0,62271176.5,173,38,21.965317919075144,62.9195575065403,388.0
MAHIMA KUMARI MEWAR,69157166.0,69157166.0,48184584.0,84,26,30.952380952380953,69.67402915266945,318.0
MALAIYARASAN D,121938384.0,121938384.0,121901141.0,201,195,97.01492537313433,99.96945752536789,4.0
MALVIKA DEVI,95939000.0,95939000.0,50804998.0,305,96,31.475409836065577,52.95552173777087,315.0
MALVINDER SINGH KANG,118979373.0,118979373.0,73220041.0,332,108,32.53012048192771,61.54011334384827,309.0
MANI. A.,112217102.0,112217102.0,67070637.0,193,59,30.569948186528496,59.76864114705083,322.0
MANISH JAISWAL,55075750.0,55075750.0,0.0,111,0,0.0,0.0,500.0
MANISH TEWARI,64979040.0,64979040.0,31109435.0,91,31,34.065934065934066,47.87610743402796,297.0
MANJU SHARMA,54617769.0,54617769.0,23306200.0,38,17,44.73684210526316,42.67146100383558,223.0
MANNA LAL RAWAT,57394895.0,57394895.0,34250767.0,136,24,17.647058823529413,59.67563317260185,415.0
MANOHAR LAL,30518470.0,30518470.0,16619897.0,19,0,0.0,54.458486942497444,500.0
MANOJ KUMAR,122968852.0,122968852.0,94987097.0,152,82,53.94736842105263,77.24484327136761,162.0
MANOJ TIGGA,70704249.2,70704249.2,11379773.0,58,0,0.0,16.09489263906928,500.0
MIAN ALTAF AHMAD,93584276.0,93584276.0,24523857.0,69,15,21.73913043478261,26.205104156599983,389.0
MOHIBBULLAH,76891613.0,76891613.0,74744421.0,335,175,52.23880597014925,97.20750818428013,179.0
MOHITE PATIL DHAIRYASHEEL RAJSINH,21960000.0,21960000.0,8828612.0,66,41,62.121212121212125,40.20315118397086,110.0
MUHAMMED HAMDULLAH SAYEED,59447173.0,59447173.0,39337535.0,26,2,7.6923076923076925,66.17225515500964,472.0
MUKESHKUMAR CHANDRAKAANT DALAL,64687352.0,64687352.0,26395724.0,165,92,55.757575757575765,40.80507732021555,152.0
MURARI LAL MEENA,40289632.0,40289632.0,17705306.0,58,16,27.586206896551722,43.94506755484885,341.0
MURASOLI S,114753766.0,114753766.0,75625397.0,77,44,57.14285714285714,65.90232254338389,143.0
MURLIDHAR MOHOL,18996657.0,18996657.0,18945481.0,19,12,63.1578947368421,99.7306052322785,103.0
Maddila Gurumoorthy,92182742.0,92182742.0,56780342.0,226,98,43.36283185840708,61.59541446488975,242.0
Magunta Sreenivasulu Reddy,21385400.0,21385400.0,9854157.0,17,1,5.88235294117647,46.078899623107354,476.0
Mahendra Singh Solanky,68206613.0,68206613.0,41462417.0,90,10,11.11111111111111,60.789438408266946,450.0
Mahesh Sharma,97540683.28,97540683.28,82555899.0,112,68,60.71428571428571,84.63740074796819,118.0
Mala Rajya Laxmi Shah,74794934.0,74794934.0,46078693.0,180,69,38.333333333333336,61.60670320265274,276.0
Mala Roy,92638946.0,92638946.0,61582788.0,72,32,44.44444444444444,66.47613197153603,227.0
Manickam Tagore B,90851542.0,90851542.0,89421178.0,81,67,82.71604938271605,98.42560294683827,34.0
Manoj Tiwari,43679088.0,43679088.0,28650238.0,14,6,42.857142857142854,65.59257372772984,243.0
Mansukhbhai Dhanjibhai Vasava,93801569.0,93801569.0,67252041.0,352,207,58.80681818181818,71.69607258914827,133.0
Midhun Reddy,144837151.0,144837151.0,51139443.0,453,174,38.41059602649007,35.308235937339035,274.0
Mitesh Rameshbhai Bakabhai Patel,106437198.0,106437198.0,57204039.0,489,249,50.920245398773,53.74440522194129,188.0
Mohamed Haneefa,16128000.0,16128000.0,6009392.0,19,0,0.0,37.26061507936508,500.0
Mr Gopal Jee Thakur,84256768.0,84256768.0,75767756.0,170,59,34.705882352941174,89.92483072695123,293.0
Ms Mahua Moitra,99174914.0,99174914.0,57382120.0,47,21,44.680851063829785,57.859510722641005,224.0
Mukesh Rajput,137147478.0,137147478.0,108417412.0,295,246,83.38983050847457,79.05169936847108,28.0
NABA CHARAN MAJHI,66700000.0,66700000.0,34422207.0,111,27,24.324324324324326,51.60750674662668,367.0
NALIN SOREN,120000000.0,120000000.0,86550781.0,346,106,30.63583815028902,72.12565083333334,321.0
NARAYAN DAS AHIRWAR,66016116.8,66016116.8,51218010.8,193,36,18.65284974093264,77.58410109938487,411.0
NARAYAN TATU RANE,63874747.0,63874747.0,21994974.0,65,26,40.0,34.43453795597813,261.0
NARESH CHANDRA UTTAM PATEL,70761378.0,70761378.0,28783210.0,74,7,9.45945945945946,40.67644075557715,462.0
NAVEEN JINDAL,75856652.0,75856652.0,58660248.0,193,112,58.03108808290155,77.33039417558265,138.0
NEERAJ MAURYA,97933229.0,97933229.0,97488644.0,19,17,89.47368421052632,99.5460325320224,15.0
NILESH DNYANDEV LANKE,82780392.0,82780392.0,23809461.0,64,12,18.75,28.7621989033345,409.0
NIMUBEN JAYANTIBHAI BAMBHANIYA,56368143.0,56368143.0,25662379.0,44,28,63.63636363636363,45.526387129694875,97.0
Nitin Jairam Gadkari,67199843.0,67199843.0,43727554.0,36,19,52.77777777777778,65.07091690675527,177.0
Nityanand Rai,38586039.0,38586039.0,22994739.0,70,40,57.14285714285714,59.59341667591224,143.0
Om Birla,37763952.0,37763952.0,28500390.0,45,15,33.33333333333333,75.46982900518464,303.0
Omprakash Bhupalsinh Alias Pawan Rajenimbalkar,30951833.0,30951833.0,26644490.0,46,30,65.21739130434783,86.08372240829809,90.0
P C Mohan,12139505.0,12139505.0,10439505.0,10,2,20.0,85.99613410925734,396.0
PARIMAL SUKLABAIDYA,32900000.0,32900000.0,5386762.0,54,0,0.0,16.3731367781155,500.0
PARSHOTTAMBHAI RUPALA,87560453.0,87560453.0,40230082.0,201,76,37.81094527363184,45.94549322397864,280.0
PARTHA BHOWMICK,57015000.0,57015000.0,31114929.0,10,4,40.0,54.5732333596422,261.0
PATHAN YUSUF,66628631.0,66628631.0,7860897.0,130,2,1.5384615384615385,11.79807671569899,496.0
PHANI BHUSAN CHOUDHURY,63008000.0,63008000.0,39507232.0,67,3,4.477611940298507,62.70192991366176,483.0
PRABHAKAR REDDY VEMIREDDY,98218793.0,98218793.0,73110117.0,156,122,78.2051282051282,74.43597581167587,42.0
PRADEEP PUROHIT,95371100.0,95371100.0,30622680.0,237,41,17.29957805907173,32.108972214853345,419.0
PRANITI SUSHILKUMAR SHINDE,8498955.0,8498955.0,8440395.0,9,2,22.22222222222222,99.31097411387636,385.0
PRAVEEN PATEL,98136533.0,98136533.0,94371901.0,24,14,58.333333333333336,96.16388322990787,135.0
PRIYA SAROJ,95819411.0,95819411.0,69805592.0,1355,725,53.50553505535055,72.85120130826101,167.0
PRIYANKA SATISH JARKIHOLI,19310772.0,19310772.0,17833577.0,27,16,59.25925925925925,92.35040939844352,129.0
PUSHPENDRA SAROJ,69463719.0,69463719.0,56198890.0,715,607,84.89510489510491,80.90394641841736,26.0
Pankaj Chowdhary,97560284.0,97560284.0,95676373.0,49,19,38.775510204081634,98.06897753598174,272.0
Parvatagouda Chandanagouda Gaddigoudar,88790438.0,88790438.0,63490076.0,169,89,52.662721893491124,71.50553306201734,178.0
Piyush Vedprakash Goyal,98000000.0,98000000.0,30848998.0,49,0,0.0,31.4785693877551,500.0
Prabhubhai Nagarbhai Vasava,77694807.0,77694807.0,27468376.0,248,62,25.0,35.35419812549377,362.0
Pradan Baruah,66899800.0,66899800.0,55702350.0,115,33,28.695652173913043,83.26235653918248,337.0
Pradeep Kumar Singh,118283427.0,118283427.0,118278146.0,68,39,57.35294117647059,99.99553530013972,142.0
Pradyut Bordoloi,83282000.0,83282000.0,66285867.0,175,13,7.428571428571429,79.59206911457458,473.0
Pralhad Venkatesh Joshi,56824932.0,56824932.0,20265814.0,125,28,22.400000000000002,35.66359569070844,384.0
Prasun Banerjee,97521031.0,97521031.0,67743274.0,214,136,63.55140186915887,69.46529718292253,99.0
Pratap Chandra Sarangi,4856000.0,4856000.0,2525000.0,21,10,47.61904761904761,51.99752883031301,207.0
Prataprao Jadhav,1500000.0,1500000.0,1208028.0,2,0,0.0,80.53519999999999,500.0
Pratima Mondal,94654691.0,94654691.0,74379705.0,218,169,77.52293577981652,78.58005156870672,46.0
Praveen Khandelwal,49387308.0,49387308.0,26487847.0,58,35,60.3448275862069,53.6329030122476,123.0
Priyanka Gandhi Vadra,68495751.0,68495751.0,34714501.0,48,10,20.833333333333336,50.68124736671622,393.0
Prof SP Singh Baghel,94125438.0,94125438.0,90115338.0,72,55,76.38888888888889,95.73962141881348,51.0
Prof Sougata Ray,23432419.0,23432419.0,14046615.0,22,12,54.54545454545454,59.94521948416849,158.0
Putta Mahesh Kumar,83694934.0,83694934.0,41237305.0,93,56,60.215053763440864,49.27096901707336,125.0
R.K. CHAUDHARY,47131005.0,47131005.0,34622708.0,74,14,18.91891891891892,73.46057653555233,407.0
RABINDRA NARAYAN BEHERA,30490000.0,30490000.0,9146086.0,70,3,4.285714285714286,29.9970022958347,484.0
RACHNA BANERJEE,70143512.0,70143512.0,34234471.0,69,33,47.82608695652174,48.806325808151726,204.0
RADHAKRISHNA,72100000.0,72100000.0,3254664.0,15,0,0.0,4.514097087378641,500.0
RADHE SHYAM RATHIYA,97341529.0,97341529.0,79422859.0,136,72,52.94117647058824,81.59195752924737,173.0
RAHUL GANDHI,63820942.0,63820942.0,26686627.0,169,74,43.786982248520715,41.81484347253915,236.0
RAHUL SINGH LODHI,81121072.0,81121072.0,72714957.0,267,173,64.7940074906367,89.63756913863268,92.0
RAJ BHUSHAN CHOUDHARY,110634385.0,110634385.0,96375137.0,101,77,76.23762376237624,87.11137771498436,52.0
RAJ KUMAR ROAT,98268377.0,98268377.0,63286521.0,90,21,23.333333333333332,64.40171592535816,376.0
RAJA RAM SINGH,107926044.0,107926044.0,70851783.0,259,114,44.01544401544402,65.64845738253872,232.0
RAJABHAU,72960864.0,72960864.0,43851862.0,78,21,26.923076923076923,60.103265772729884,347.0
RAJEEV BHARDWAJ,121223529.0,121223529.0,79836303.0,494,197,39.878542510121456,65.85875172797519,263.0
RAJEEV RAI,81486860.0,81486860.0,66462043.0,209,108,51.674641148325364,81.56166896110612,185.0
RAJESH RANJAN ALIAS PAPPU YADAV,89027618.0,89027618.0,72622818.0,96,46,47.91666666666667,81.57335850544716,203.0
RAJESH VERMA,81855498.0,81855498.0,74186362.0,76,67,88.1578947368421,90.63088468412958,20.0
RAJPALSINH MAHENDRASINH JADAV,83153814.0,83153814.0,27259601.0,394,90,22.84263959390863,32.7821415383304,381.0
RAKESH RATHOR,96896135.0,96896135.0,90934857.0,47,21,44.680851063829785,93.84776492891073,224.0
RAKIBUL HUSSAIN,63595429.0,63595429.0,45662380.0,127,25,19.68503937007874,71.80135540873543,401.0
RAM PRASAD CHAUDHARY,155496774.0,155496774.0,148429426.0,156,37,23.717948717948715,95.45498738128163,372.0
RAMASAHAYAM RAGHURAM REDDY,69329146.0,69329146.0,20425766.0,200,22,11.0,29.462018759036784,452.0
RAMASHANKAR RAJBHAR,77882970.0,77882970.0,61281620.0,158,84,53.16455696202531,78.68423610450398,171.0
RAMBHUAL NISHAD,88029903.0,88029903.0,86873694.0,13,6,46.15384615384615,98.686572448001,212.0
RAMESH AWASTHI,93544419.0,93544419.0,69418997.0,114,48,42.10526315789473,74.20966182921079,250.0
RANJIT DUTTA,107323218.0,107323218.0,65900399.0,127,22,17.322834645669293,61.403674086626815,418.0
RAVINDRA DATTARAM WAIKAR,98000000.0,98000000.0,53799122.0,46,0,0.0,54.89706326530612,500.0
RICHARD VANLALHMANGAIHA,98944229.0,98944229.0,94866729.0,171,134,78.3625730994152,95.87899158828151,41.0
ROBERT BRUCE C,58317154.0,58317154.0,55819028.0,72,60,83.33333333333334,95.71631016150069,29.0
ROOP KUMARI CHOUDHARY,106684962.0,106684962.0,74812172.0,163,72,44.171779141104295,70.12438360337983,230.0
RUCHI VIRA,62006175.0,62006175.0,52167110.0,269,165,61.33828996282528,84.13212071217102,114.0
RUDRA NARAYAN PANY,24427000.0,24427000.0,3039057.0,28,0,0.0,12.441384533508003,500.0
Radha Mohan Singh,84023808.0,82526308.0,69803891.0,82,60,73.17073170731707,83.07632403425467,60.0
Rahul Kaswan,91993464.0,91993464.0,56423100.0,109,37,33.94495412844037,61.33381388921283,298.0
Rajeshbhai Naranbhai Chudasama,80994052.0,80994052.0,56040284.0,246,153,62.19512195121951,69.19061661466202,108.0
Rajiv Pratap Rudy,10900000.0,10900000.0,0.0,9,0,0.0,0.0,500.0
Rajkumar Chahar,106977092.0,106977092.0,96369831.0,50,45,90.0,90.08454912945287,13.0
Rajnath Singh,94238976.0,94238976.0,74407887.0,92,31,33.69565217391305,78.95659541122349,301.0
Raju Bista,67020884.0,67020884.0,43617451.0,122,73,59.83606557377049,65.08038748041581,128.0
Ram Shiromani,45617210.0,45617210.0,14754674.0,649,0,0.0,32.344534003723595,500.0
Ramesh Chandappa Jigajinagi,39055000.0,39055000.0,22650977.0,120,0,0.0,57.99763666623991,500.0
Ramprit Mandal,123843661.0,123843661.0,104954304.0,120,86,71.66666666666667,84.74741714878729,67.0
Ramvir Singh Bidhuri,93862699.0,93862699.0,28849836.0,102,41,40.19607843137255,30.73620970562545,260.0
Rao Inderjit Singh,37123784.0,37123784.0,18555511.0,36,12,33.33333333333333,49.98281155821831,303.0
Rao Rajendra Singh,30848558.0,30848558.0,11660844.0,41,10,24.390243902439025,37.800288752556924,365.0
Ravi Shankar Prasad,61225274.0,61225274.0,56647683.0,72,60,83.33333333333334,92.52336379907422,29.0
Ravindra Shyamnarayan Alias Ravi Kishan Shukla,21318500.0,21318500.0,12572509.0,9,0,0.0,58.974641743086984,500.0
Ravindra Vasantrao Chavan,39378332.0,39378332.0,39344293.0,48,26,54.166666666666664,99.9135590608561,160.0
Rodmal Nagar,102449140.0,102449140.0,91407905.0,277,54,19.494584837545126,89.2227157787757,402.0
S SUPONGMEREN JAMIR,145750000.0,145750000.0,138150000.0,54,38,70.37037037037037,94.78559176672384,72.0
S Venkatesan,72173440.0,72173440.0,47072440.0,105,46,43.80952380952381,65.22127807681053,235.0
S. Jagathrakshakan,53849593.0,53849593.0,50567596.0,55,34,61.81818181818181,93.90525198584137,112.0
SACHITHANANTHAM R,97063339.0,97063339.0,90527072.0,79,50,63.29113924050633,93.26597759015894,102.0
SAGAR ESHWAR KHANDRE,36952997.0,36952997.0,15422826.0,86,5,5.813953488372093,41.73633332094823,477.0
SALENG A SANGMA,105070000.0,105070000.0,96535000.0,235,119,50.638297872340424,91.87684400875607,190.0
SAMBIT PATRA,78208525.0,78208525.0,38354750.0,653,542,83.00153139356816,49.041648592656614,31.0
SANATAN PANDEY,108750043.0,108750043.0,74595388.0,242,62,25.6198347107438,68.59343310788391,358.0
SANJAY DINA PATIL,48600000.0,48600000.0,5955517.0,25,0,0.0,12.254150205761318,500.0
SANJNA JATAV,87476852.1,87476852.1,65180387.1,166,74,44.57831325301205,74.51158281906216,226.0
SARABJEET SINGH KHALSA,111933973.0,111933973.0,92900902.0,488,225,46.10655737704918,82.99616238941148,213.0
SATPAL BRAHAMCHARI,78264526.0,78264526.0,32156228.0,117,19,16.23931623931624,41.086593944234714,426.0
SAVITRI THAKUR,97615331.0,97615331.0,78575366.0,284,179,63.02816901408451,80.4949029983825,104.0
SAYANI GHOSH,82473180.0,82473180.0,49785004.0,209,113,54.066985645933016,60.36508353382275,161.0
SELJA,81250121.0,81250121.0,24402101.0,255,59,23.137254901960784,30.0333103503932,378.0
SELVAGANAPATHI T M,4300000.0,4300000.0,1967994.0,2,0,0.0,45.7673023255814,500.0
SELVARAJ V,68455363.0,68455363.0,50673389.0,71,43,60.56338028169014,74.02398698842632,121.0
SHAFI PARAMBIL,46237000.0,46237000.0,15909800.0,123,15,12.195121951219512,34.409239353764306,446.0
SHAMBHAVI,72708644.0,72708644.0,24196418.0,102,16,15.686274509803921,33.2785988967144,429.0
SHASHANK MANI,92054042.0,92054042.0,78769529.0,84,45,53.57142857142857,85.56878903807396,166.0
SHER SINGH GHUBAYA,97768251.0,97768251.0,91425989.0,394,361,91.6243654822335,93.51296363069848,11.0
SHIVMANGAL SINGH TOMAR,25472294.0,25472294.0,20290158.0,53,28,52.83018867924528,79.65579385979134,176.0
SHIVRAJ SINGH CHOUHAN,49143125.0,49143125.0,38851625.0,78,10,12.82051282051282,79.05810833153161,442.0
SHOBHA KARANDLAJE,86470632.0,86470632.0,61473509.0,82,21,25.609756097560975,71.09177714810735,359.0
SHOBHANABEN MAHENDRASINH BARAIYA,91801464.0,91801464.0,49780570.0,258,125,48.44961240310077,54.22633564972341,201.0
SHREYAS. M. PATEL,79071537.0,79071537.0,57203008.0,158,23,14.556962025316455,72.34336168272534,434.0
SHRIMANT CHH UDAYANRAJE PRATAPSINHAMAHARAJ BHONSLE,90898677.0,90898677.0,15721959.0,125,16,12.8,17.2961362242929,443.0
SK NURUL ISLAM,35118648.0,35118648.0,30740105.0,18,6,33.33333333333333,87.5321424674435,303.0
SMITA UDAY WAGH,16031266.0,16031266.0,14030677.0,10,9,90.0,87.52070485262985,13.0
SUDAMA PRASAD,74290922.0,74290922.0,56418007.0,103,66,64.07766990291263,75.94199328957043,93.0
SUDHA R,61334000.0,61334000.0,32293145.0,86,22,25.581395348837212,52.65129455114619,360.0
SUDHAKAR SINGH,141226994.0,141226994.0,123581875.0,147,98,66.66666666666666,87.50584537684063,82.0
SUKANTA KUMAR PANIGRAHI,81842769.0,81842769.0,53290464.0,268,148,55.223880597014926,65.11322215894235,155.0
SUKHDEO BHAGAT,144072123.0,144072123.0,137699257.0,269,80,29.739776951672862,95.57661408237873,329.0
SUKHJINDER SINGH RANDHAWA,103203530.0,103203530.0,55789772.0,298,90,30.201342281879196,54.058007511952354,324.0
SUNIL BOSE,59850000.0,59850000.0,50427615.0,73,20,27.397260273972602,84.25666666666667,343.0
SURENDRA PRASAD YADAV,100726860.0,100726860.0,68477331.0,265,141,53.20754716981132,67.98318839681889,170.0
SURESH GOPI,71973214.0,71973214.0,16001891.0,63,15,23.809523809523807,22.233119949318922,370.0
SURESH KUMAR SHETKAR,37377166.0,37377166.0,28174768.0,141,64,45.39007092198582,75.37962615999298,217.0
Sanjay Haribhau Jadhav,57454456.0,57454456.0,40999822.0,64,28,43.75,71.36056078922756,237.0
Sanjay Kumar Bandi,96980396.0,96980396.0,65274491.0,372,171,45.96774193548387,67.30689262188618,214.0
Sanjay Seth,97792648.0,97792648.0,87528580.0,150,49,32.666666666666664,89.5042539394168,308.0
Sanjay Uttamrao Deshmukh,27331444.87,27331444.87,24518118.0,46,23,50.0,89.70662954929246,195.0
Santosh Pandey,83655301.0,83655301.0,61085849.0,171,70,40.93567251461988,73.02089439616026,257.0
Saptagiri Sankar Ulaka,123939829.0,123939829.0,67850166.0,389,159,40.87403598971722,54.74444054622667,258.0
Sasikanth Senthil,93369219.0,93369219.0,84659653.0,149,87,58.38926174496645,90.67190869402046,134.0
Saumitra khan,91853695.0,91853695.0,55082234.0,80,48,60.0,59.96735787275623,127.0
Shankar Lalwani,104114671.0,104114671.0,76328760.0,258,145,56.201550387596896,73.31220400245033,151.0
Shatrughan Sinha,96621025.0,96621025.0,66966504.0,27,5,18.51851851851852,69.30841812121119,412.0
Shri  Dharambir Singh,75580935.0,75580935.0,57924535.0,185,101,54.59459459459459,76.63908232942606,157.0
Shri Abhishek Banerjee,92418414.0,92418414.0,70367388.0,315,200,63.49206349206349,76.14000820226151,100.0
Shri Amar Singh,81958804.0,81958804.0,40942395.0,250,59,23.599999999999998,49.95484682768187,373.0
Shri Amit Shah,33892769.0,33892769.0,11529274.0,65,22,33.84615384615385,34.016913755261484,299.0
Shri Anil Firojiya,96335496.0,96335496.0,76951399.0,244,152,62.295081967213115,79.8785517230326,107.0
Shri Arjun Ram Meghwal,65316102.0,65316102.0,29744111.0,53,16,30.18867924528302,45.53871111291975,325.0
Shri Arun Kumar Sagar,145876200.0,145876200.0,130143000.0,7,4,57.14285714285714,89.21469026475874,143.0
Shri B Y Raghavendra,84735295.0,84735295.0,69561261.0,210,49,23.333333333333332,82.09242795460852,376.0
Shri Benny Behanan,58540547.0,58540547.0,28691022.0,80,13,16.25,49.01051232063137,425.0
Shri Bhartruhari Mahtab,88881568.0,88881568.0,35411567.0,274,86,31.386861313868614,39.84129420399064,316.0
Shri Chandra Prakash Choudhary,91399022.0,91399022.0,54889366.0,608,49,8.05921052631579,60.05465353885297,470.0
Shri Deepak (Dev) Adhikari,90303550.0,90303550.0,87788715.0,179,165,92.17877094972067,97.21513163103776,9.0
Shri Gurjeet Singh Aujla,85451676.0,85451676.0,66371695.0,219,91,41.55251141552511,77.67161290084,253.0
Shri Hanuman Beniwal,88140067.0,88140067.0,66606792.0,234,175,74.78632478632478,75.5692550131599,57.0
Shri Hibi Eden,71183460.0,71183460.0,24928980.0,67,18,26.865671641791046,35.020747797311344,348.0
Shri Janardan Singh Sigriwal,78540256.0,78540256.0,46417759.0,68,18,26.47058823529412,59.100595495894495,350.0
Shri Jual Oram,99818256.0,99818256.0,60290931.0,176,91,51.70454545454546,60.40070565849197,184.0
Shri Jugal Kishore Sharma,100330395.0,100330395.0,30369749.0,189,42,22.22222222222222,30.269739294856755,385.0
Shri Jyotirmay Singh Mahato,26371093.0,26371093.0,11711831.0,65,15,23.076923076923077,44.411625259521855,379.0
Shri Karti P Chidambaram,102815129.0,102815129.0,97237605.0,141,117,82.97872340425532,94.57519136118576,32.0
Shri Kumbakudi Sudhakaran,54576376.0,54576376.0,26785182.0,164,61,37.19512195121951,49.078344813514185,284.0
Shri LS Tejasvi Surya,63439544.0,63439544.0,39666820.0,61,24,39.34426229508197,62.526962678041954,266.0
Shri M K Raghavan,32614335.0,32614335.0,9037475.0,81,14,17.28395061728395,27.71013114325342,420.0
Shri NK Premachandran,125761883.34,125761883.34,64475987.0,182,46,25.274725274725274,51.268305855191244,361.0
Shri Narendra Modi,102292548.0,102292548.0,88819703.0,216,193,89.35185185185185,86.82910411030137,16.0
Shri PP Chaudhary,25853173.0,25853173.0,13212090.0,34,8,23.52941176470588,51.104326730030394,374.0
Shri Rajmohan Unnithan,68183281.0,68183281.0,28932795.0,192,56,29.166666666666668,42.43385559577281,335.0
Shri Sarbananda Sonowal (18LS),59542773.0,59542773.0,21671810.0,59,3,5.084745762711865,36.39704519640024,481.0
Shri Satish Kumar Gautam,97816769.0,97816769.0,87713538.0,76,21,27.631578947368425,89.67126894162696,340.0
Shri Shantanu Thakur,5993836.0,5993836.0,5993836.0,8,8,100.0,100.0,1.0
Shri Sudheer Gupta,34144092.0,34144092.0,20345844.0,190,60,31.57894736842105,59.58818292781076,314.0
Shri Suresh Kodikunnil,91110361.0,91110361.0,41963456.0,136,61,44.85294117647059,46.05783089806877,222.0
Shri Tapir Gao,96293352.0,96293352.0,94234470.0,110,102,92.72727272727272,97.86186485646485,8.0
Shri vijayakumar Vasanth,70332266.0,70332266.0,56848972.0,62,39,62.903225806451616,80.8291488859466,105.0
Shrikant Eknath Shinde,325000.0,325000.0,325000.0,1,0,0.0,100.0,500.0
Shripad Yesso Naik,16703355.3,16703355.3,15476370.0,26,1,3.8461538461538463,92.65425851295876,486.0
Shrirang Appa Barne,39746842.0,39746842.0,35720911.0,50,32,64.0,89.87106698942272,94.0
Shyamkumar,5200000.0,5200000.0,5141086.0,6,1,16.666666666666664,98.86703846153846,421.0
Sivanath Kesineni,39192032.0,39192032.0,6329561.0,12,1,8.333333333333332,16.15012204521572,468.0
Smt Anupriya Patel,71228000.0,71228000.0,51732584.0,10,0,0.0,72.62956140843488,500.0
Smt Aparajita Sarangi,78800000.0,78800000.0,29747444.0,228,47,20.614035087719298,37.75056345177665,394.0
Smt Dimple Yadav,122649146.0,122649146.0,71677973.0,153,53,34.64052287581699,58.44147744820008,294.0
Smt Harsimrat Kaur Badal,108434419.0,108434419.0,82260873.0,315,139,44.12698412698413,75.86232651829859,231.0
Smt Hema Malini,52708358.0,52708358.0,40721168.0,58,33,56.896551724137936,77.25751578146297,146.0
Smt Himadri Singh,88933400.0,88933400.0,57113796.0,140,43,30.714285714285715,64.22086190340187,320.0
Smt Poonamben Hematbhai Maadam,52600944.0,52600944.0,25917848.0,116,45,38.793103448275865,49.27259100140864,271.0
Smt Raksha Nikhil Khadse,12044664.0,12044664.0,5871973.0,7,3,42.857142857142854,48.751654674634345,243.0
Smt S Jothimani,67139988.0,67139988.0,47711966.0,116,86,74.13793103448276,71.06341156927225,58.0
Smt Sajda Ahmed,70240219.0,70240219.0,47212277.0,131,91,69.46564885496184,67.21544675138328,76.0
Smt Sandhya Ray,38260226.0,38260226.0,25218035.0,97,61,62.88659793814433,65.91188196326911,106.0
Smt Sangeeta Kumari Singh Deo,63750000.0,63750000.0,4193424.0,182,3,1.6483516483516485,6.57792,494.0
Smt Satabdi Roy (Banerjee),71713235.6,71713235.6,48307379.6,94,62,65.95744680851064,67.36187427024977,88.0
Smt Supriya Sadanand Sule,25855903.0,25855903.0,23046333.0,35,10,28.57142857142857,89.13373862827379,338.0
Smt Veena Devi,136061689.0,136061689.0,131108889.0,53,30,56.60377358490566,96.35988643357206,149.0
Sribharat MathuKumli,68615000.0,68615000.0,10903207.0,33,0,0.0,15.890413174961743,500.0
Sudip Bandyopadhyay,72127830.0,72127830.0,46311063.0,34,9,26.47058823529412,64.20692678540308,350.0
Sunil Dattatray Tatkare,83041356.0,83041356.0,58660128.0,51,18,35.294117647058826,70.63965573972564,289.0
Sunil Kumar,79855069.0,79855069.0,63664429.0,99,75,75.75757575757575,79.72496899351499,53.0
Suresh Kumar Kashyap,106205358.0,106205358.0,90424211.0,516,83,16.08527131782946,85.14091257053151,427.0
Swami Sachchidanandhari Sakshi ji Maharaj,89314507.0,89314507.0,63423848.0,76,11,14.473684210526317,71.01180998513489,435.0
T Sumathy (A) Thamizhachi Thangapandian,60310616.0,60310616.0,28530278.0,23,5,21.73913043478261,47.30556557406079,389.0
TANGELLA UDAY SRINIVAS,40209964.0,40209964.0,16907864.0,22,6,27.27272727272727,42.04894090429924,345.0
TANUJ PUNIA,91662436.0,91662436.0,83397272.0,28,13,46.42857142857143,90.98304129730963,210.0
TARIQ ANWAR,81785060.0,81785060.0,74910060.0,84,60,71.42857142857143,91.59381921343581,68.0
THANGA TAMILSELVAN,53773891.0,53773891.0,49328291.0,54,24,44.44444444444444,91.73279091892384,227.0
THARANIVENTHAN M S,121704272.0,121704272.0,111315790.0,227,180,79.29515418502203,91.46415994337487,40.0
TOKHAN SAHU,92355274.0,92355274.0,55225472.0,125,41,32.800000000000004,59.79677132461325,307.0
TRIVENDRA SINGH RAWAT,19374910.0,19374910.0,9309458.0,28,3,10.714285714285714,48.04903867940548,453.0
Thalikkottai Rajuthevar Baalu,104680138.0,104680138.0,71998395.0,99,63,63.63636363636363,68.77942308406205,97.0
Thiru Dayanidhi Maran,26000000.0,26000000.0,25568733.0,4,4,100.0,98.34128076923076,1.0
Thirumaa Valavan Thol,79410007.0,79410007.0,68103825.0,71,45,63.38028169014085,85.76227049067002,101.0
UJJWAL RAMAN SINGH,97921663.0,97921663.0,64290040.0,31,3,9.67741935483871,65.65456307660952,459.0
UMMEDA RAM BENIWAL,93379535.0,93379535.0,65781402.0,164,97,59.14634146341463,70.44520193851898,130.0
UTKARSH VERMA MADHUR,81361922.0,81361922.0,74909150.0,353,347,98.30028328611898,92.06905166276677,3.0
V S Matheswaran,132673425.0,132673425.0,89621073.0,200,138,69.0,67.55013146001167,78.0
V. SOMANNA,40630000.0,40630000.0,32293790.0,24,4,16.666666666666664,79.4826236770859,421.0
VAMSI KRISHNA GADDAM,24359997.0,24359997.0,16373473.0,30,9,30.0,67.2145936635378,327.0
VARUN CHAUDHRY,85713476.0,85713476.0,27537055.0,112,3,2.6785714285714284,32.126867658476485,491.0
VIJAYLAKSHMI DEVI,134850955.0,134850955.0,134748616.0,141,95,67.37588652482269,99.92410954746298,81.0
VINOD KUMAR BIND,90451525.0,90451525.0,75517267.0,543,407,74.95395948434623,83.48921369761317,56.0
VIRENDRA SINGH,99656914.0,99656914.0,85178772.0,29,11,37.93103448275862,85.47201451572141,278.0
VISHAL,83655332.0,83655332.0,20615077.0,79,11,13.924050632911392,24.642872734041628,438.0
VISHWESHWAR HEGDE KAGERI,37400000.0,37400000.0,32825000.0,54,30,55.55555555555556,87.76737967914438,153.0
VIVEK THAKUR,34038809.0,34038809.0,3164487.0,34,1,2.941176470588235,9.296703066197175,490.0
Vaithilingam Ve,43085542.0,43085542.0,32328068.0,23,12,52.17391304347826,75.03228809330054,180.0
Vellalath Kochukrishnan Nair Sreekandan,75917747.0,75917747.0,50584788.0,168,98,58.333333333333336,66.63104478060973,135.0
Vijay Baghel,95381956.0,95381956.0,57650594.0,179,70,39.10614525139665,60.44182402801637,270.0
Vijay Kumar Dubey,90222957.0,90222957.0,80256423.0,182,132,72.52747252747253,88.95343897895079,63.0
Vijay Kumar Hansdak,65487000.0,65487000.0,28886697.0,355,0,0.0,44.11058225296623,500.0
Vinod Chavda,90191050.0,90191050.0,51051603.0,224,98,43.75,56.60384594702024,237.0
Virendra Kumar,89324219.0,89324219.0,45972847.0,208,12,5.769230769230769,51.46739318258131,478.0
Vishnu Dayal Ram,107910621.0,107910621.0,83852477.0,252,117,46.42857142857143,77.70549017598555,210.0
Vishnu Dutt Sharma,26642762.0,26642762.0,10849947.0,33,3,9.090909090909092,40.72380708876955,463.0
Y S Avinash Reddy,86477758.0,86477758.0,40037027.0,207,57,27.536231884057973,46.29748495561136,342.0
YADUVEER KRISHNADATTA CHAMARAJA WADIYAR,73500000.0,73500000.0,61971570.0,121,34,28.09917355371901,84.3150612244898,339.0
Yogendra Chandoliya,41696512.0,41696512.0,10961614.0,55,11,20.0,26.28904307391467,396.0
ZIA UR REHMAN,89215600.0,89215600.0,53111753.0,317,0,0.0,59.531912580311065,500.0
 ,0.0,0.0,39241299640.14,1,0,0.0,0.0,500.0
